※入力規則,入力用_アニメ項目マスタの子レコード（シリーズ）のIDを記載,,,,,,劇中歌があれば記載,劇中歌があれば記載,,"特記事項：
スナックバス江（エピソードごとにED異なる）"
,ID,クール,オープニング_制作,オープニング_曲,エンディング_制作,エンディング_曲,その他音楽_制作,その他音楽_曲,,
,id,course,op_artist,op_song,ed_artist,ed_song,other_artist,other_song,,
,21002,1,Official髭男dism,ミックスナッツ,星野源,喜劇,,,,
,21002,2,BUMP OF CHICKEN,SOUVENIR,yama,色彩,,,,
,21041,1,YOASOBI,勇者,milet,Anytime Anywhere,,,,
,21041,2,ヨルシカ,晴る,milet,Anytime Anywhere,,,,
,21083,1,キタニタツヤ,青のすみか,崎山蒼志,燈,,,,
,21083,2,King Gnu,SPECIALZ,羊文学,more than words,,,,
,21133,1,SawanoHiroyuki[nZk]:TOMORROW X TOGETHER,LEveL,krage,request,,,,
,21147,1,BUMP OF CHICKEN,Sleep Walking Orchestra,緑黄色社会,Party!!,,,,
,21147,2,sumika,運命,リーガルリリー,キラキラの灰,,,,
,21165,1,須田景凪,ユートピア,伊東健人,My Factor,,,,
,21165,2,syudou,リヴァーサル,前田佳織里,常識外れヒューマン,,,,
,21183,1,ZAQ,マイナーピース,ニノミヤユイ,今世大革命,,,,
,21198,1,前島麻由,LOVE or HATE?,エレノーラ･ヒルローズ（CV:日高里菜）、ユミエラ･ドルクネス（CV:ファイルーズあい）,好きがレベチ,花たん,Ray of Light,,
,21212,1,waterweed,Cure,ChouCho,Green jade,,,,
,21241,1,ゆいにしお,routine life,JYOCHO,導き、捧げて,,,,
,21255,1,土岐隼一,Another Birthday,THE BINARY,消えない,,,,
,21269,1,NACHERRY,My dream girls,エノルミータ,とげとげサディスティック,,,,
,21284,1,いれいす,Brave,いれいす,夢の中で,,,,
,21298,1,JUVENILE,IMMORTAL,阿部真央,Keep Your Fire Burning,,,,
,21313,1,エリーゼ（CV.石川由依）,believer,荒井麻珠,Listen,,,,
,21326,1,鈴木愛奈,果てのない旅,丁,because,,,,
,21340,1,鬼頭明里,夢の糸,内田真礼,CHA∞IN,,,,
,21354,1,オーイシマサヨシ,なまらめんこいギャル,亜咲花,わやわやわー！,,,,
,21369,1,MADKID,FLY,大西亜玖璃,曖昧ガール,,,,
,21383,1,オトワ,太陽と踊れ月夜に唄え,石原夏織,Gift,,,,
,21397,1,shallm,まっさかさマジック！,LEEVELLES,明日は明日の風が吹く,,,,
,21411,1,そこに鳴る,相聞詩,南條愛乃,光のトリル,,,,
,21425,1,UVERworld,Eye's Sentry,紫 今,学級日誌,,,,
,21442,1,DIALOGUE＋,イージー？ハード？しかして進めっ！,DIALOGUE＋,誰かじゃないから,,,,
,21457,1,ギルドロップス,Baby love！Baby please!,,,,,,
,21471,1,Novelbright,雪の音,チョーキューメイ,snowspring,,,,
,21485,1,いゔどっと,遊歩,GLASGOW,休息充電,,,,
,21499,1,NACHERRY,My dream girls,エノルミータ,とげとげサディスティック,,,,
,21514,1,Sizuk,Lover’s Eye,AliA,ココロノナカ,,,,
,21528,1,ブレイバーン（CV：鈴村健一）,ババーンと推参！バーンブレイバーン,イサミ・アオ（CV：鈴木崚汰）／ルイス・スミス（CV：阿座上洋平）,双炎の肖像,,,,
,21542,1,声にならないよ,はじめては全部君がいい,安達 清＆黒沢優一 (CV.小林千晃・鈴木崚汰),マジカルラブ,,,,
,21556,1,神山羊,鬼灯,むﾄ,愛故,,,,
,21570,1,由薫,Rouge,ダズビー,Scarlet,,,,
,21584,1,鬼頭明里,夢の糸,内田真礼,CHA∞IN,,,,
,21598,1,DeNeel（SKID ZERO）,導火,Novel Core (B-ME),RULERS,,,,
,21613,1,澁谷果歩,ギンギンパーフェクション,,,,,,
,21623,1,MindaRyn,HIBANA,KEIKO,夕闇のうた,,,,
,21638,1,Kroi,Sesame,甲田まひる,らぶじゅてーむ,KDH ＆ Novel Core,DA PUMP,,
,21652,1,シド,面影,krage,春想,,,,
,21666,1,はしメロ,ロックオン,9Lana,雷櫻,,,,
,21666,2,みきまりあ,"バイマイダーリン feat. みきまりあ, ニト。",アユニ・D,"春紛い feat. アユニ・D, ニト。",,,,
,21680,1,水樹奈々,Turn the World,上坂すみれ,ディア・パンタレイ,,,,
,21695,1,RIRIKO,ウラオモテアクアリウム,高橋李依,オリビアを聴きながら,,,,
,21710,1,Kotoha,Cotton Days,harmoe,ふわふわpartyつられてhappy,,,,
,21724,1,鈴木愛奈,Apocalypse Day,Leola,ただいま feat. EXILE NESMIT,,,,
,21727,1,李玉剛,善念起,均均,千生煙,,,,
,21741,1,あたらよ,「僕は…」,こはならむ,恋してる自分すら愛せるんだ,,,,
,21756,1,月刊モー想科学編集部（石井孝英・山本和臣・白井悠介・土岐隼一）,オーバーサイエンてぃふぃっく！,土岐隼一,SCIENCE,,,,
,21770,1,吉武千颯,わんだふるぷりきゅあ！evolution!!,⽯井あみ＆後本萌葉,FUN☆FUN☆わんだふるDAYS！,,,,
,21770,2,吉武千颯,わんだふるぷりきゅあ！evolution!!,⽯井あみ＆後本萌葉,FUN☆FUN☆わんだふるDAYS！,,,,
,21807,1,FLOW,烈火,安田レイ,声のカケラ,,,,
,21821,1,aosaki,Try!,WIP,will,,,,
,21832,1,Cocco,飛花落花,坂本真綾,抱きしめて,,,,
,21843,1,Novelbright,雪の音,チョーキューメイ,snowspring,,,,
,21857,1,,,シンガーズハイ,ニタリ,,,,
,21872,1,meiyo,STICKER!!!,,,,,,
,21886,1,Mr.SUSHI,最強王伝説～Be your Sai-Kyo-Oh!～ (feat. サンシャイン池崎),,,,,,
,21886,2,Mr.SUSHI,最強王伝説～Be your Sai-Kyo-Oh!～ (feat. サンシャイン池崎),,,,,,
,21886,3,Mr.SUSHI,最強王伝説～Be your Sai-Kyo-Oh!～ (feat. サンシャイン池崎),,,,,,
,21900,1,V.W.P,切札,Morfonica,両翼のBrilliance,,,,
,21925,1,緑黄色社会,花になって,アイナ・ジ・エンド,アイコトバ,,,,
,21925,2,Uru,アンビバレント,wacci,愛は薬,,,,
,21951,1,神聖かまってちゃん,僕の戦争,安藤裕子,衝撃,,,,
,21951,2,SiM,The Rumbling,ヒグチアイ,悪魔の子,,,,
,21951,3,Linked Horizon,最後の巨人,ヒグチアイ,いってらっしゃい,Linked Horizon,二千年... 若しくは... 二万年後の君へ・・・,,
,21988,1,OxT,grayscale dominator,シャドウガーデンナンバーズ,Polaris in the Night,前島麻由,Everything is Changing,,
,22002,1,FZMZ,BROKEN GAMES,CHiCO,エース,,,,
,22002,2,FZMZ feat. icy,Danger Danger,ReoNa,ガジュマル ～Heaven in the Rain～,,,,
,22029,1,MADKID,SIN,藤川千愛,好きになってはいけない理由,,,,
,22043,1,石崎ひゅーい,ワスレガタキ,OKAMOTO'S,Where Do We Go?,,,,
,22043,2,清 竜人,遥か,Anly,好きにしなよ,,,,
,22067,1,結城アイラ,Semisweet Afternoon,鈴木愛奈,Lilac Melody,,,,
,22081,1,fripSide,Red Liberation,MIMiNARI,眠れない EP,,,,
,22095,1,Sou,ネロ,水瀬いのり,アイオライト,,,,
,22095,2,水瀬いのり,スクラップアート,内田雄馬,Hope,,,,
,22121,1,寺島拓篤,ヒカリハナツ,岡咲美保,ココロトラベル,,,,
,22126,1,上坂すみれ,ハッピーエンドプリンセス,カノエラナ,Queen of the Night,,,,
,22140,1,内田真礼,ラブ･ユー･テンダー！,AliA,あいことば,,,,
,22154,1,花園羽香里(CV.本渡 楓)、院田唐音(CV.富田美憂)、好本 静(CV.長縄まりあ)、栄逢凪乃(CV.瀬戸麻沙美)、薬膳楠莉(CV.朝井彩加),大大大大大好きな君へ,岬 なこ,スイートサイン,,,,
,22168,1,FLOW,GET BACK,ももすももす,6を撫でる,,,,
,22182,1,Hana Hope,消えるまで,Who-ya Extended,Prayer,,,,
,22196,1,ASCA,私が笑う理由は,Myuk,ひとりじゃないよ,,,,
,22210,1,EverdreaM,Jekyll & Hyde,EverdreaM,青の原石,,,,
,22224,1,saji,Magic Writer,岡咲美保,キボウノレシピ,,,,
,22238,1,レイ（CV.芹澤優）＆クレア（CV.奈波果林）,レイジョアハンズ!! 〜Raise Y/Our Hands!!〜,レイ（CV.芹澤優）＆クレア（CV.奈波果林）,O.C. ～Optimum Combination～,,,,
,22252,1,やなぎなぎ,命火,KOTOKO,パズル,,,,
,22266,1,女王蜂,1,八木海莉,know me...,,,,
,22266,2,シユイ,ラブコール,OKAMOTO'S,この愛に敵うもんはない,,,,
,22292,1,UNISON SQUARE GARDEN,いけないfool logic,黒子首,リップシンク,,,,
,22307,1,キタサンブラック (CV.矢野妃菜喜)、サトノダイヤモンド (CV.立花日菜)、サトノクラウン (CV.鈴代紗弓)、シュヴァルグラン (CV.夏吉ゆうこ)、サウンズオブアース (CV.MAKIKO)、ドゥラメンテ (CV.秋奈),ソシテミンナノ,キタサンブラック (CV.矢野妃菜喜)、スペシャルウィーク (CV.和氣あず未)、サイレンススズカ (CV.高野麻里佳)、トウカイテイオー (CV.Machico)、ウオッカ (CV.大橋彩香)、ダイワスカーレット (CV.木村千咲)、ゴールドシップ (CV.上田 瞳)、メジロマックイーン (CV.大西沙織),アコガレChallenge Dash!!,,,,
,22322,1,ulma sound junction,ROAR,小林私,鱗角,,,,
,22322,2,saji,感脳性リベレーション,小林私,空に標結う,,,,
,22348,1,フジファブリック,プラネタリア,Lenny code fiction,花束,,,,
,22362,1,そらるとりぶ,ユウマガドキ,Nulbarich,Skyline,,,,
,22377,1,Mili,Entertainment,中島由貴,霞の向こうへ,,,,
,22391,1,芹澤 優,JUNGLE FIRE feat. MOTSU,Himika Akaneya,Stereo Sunset (Prod. AmPm),,,,
,22405,1,南條愛乃,閃 -Sen-,やなぎなぎ,homeward journey,,,,
,22420,1,中川翔子,65535,秋里コノハ,リンク～past and future～,,,,
,22435,1,小玉ひかり,ドラマチックに恋したい,ClariS,ふぉりら,,,,
,22449,1,SennaRin,S9aiR,somei,Another Complex,,,,
,22463,1,Kroi,Hyper,KOTORI,秘密,,,,
,22477,1,水樹奈々,Sugar Doughnuts,angela,Welcome!,,,,
,22491,1,MindaRyn,Shiny Girl,シャイ/紅葉山テル（CV. 下地紫野）＆小石川惟子（CV. 東山奈央）,シリタイキモチ,,,,
,22505,1,flumpool,泣いていいんだ,久保あおい,ささくれ,,,,
,22518,1,いきものがかり,ときめき,キュア・カルテット(五條真由美、うちやえゆか、工藤真由、宮本佳那子),雫のプリキュア,,,,
,22532,1,Little Glee Monster,UP TO ME!,MOONCHILD,Friends Are For,,,,
,22532,2,JO1,Your Key,ざきのすけ。,未完成,,,,
,22571,1,花たん,First Greeting,イノー(CV:日笠陽子)、エンヤァ(CV:加隈亜衣),レゾナンス・レゾナンス,,,,
,22585,1,MYTH & ROID,ACHE in PULSE,ReoNa,R.I.P.,,,,
,22595,1,SUPER EIGHT,アンスロポス,LMYK,Perfect World,,,,
,22595,2,SUPER EIGHT,アンスロポス,中島美嘉,MISSION,,,,
,22622,1,叶,Tailwind,畠中 祐,グッドラック,,,,
,22636,1,Paradox Live All ARTISTS,RISE UP,武雷管,Every Day Every Night,BAE,FLY HIGH!!!,,
,22650,1,PathTLive,mirAI wave!,#kzn,寄花-Yosuga-,Kizuna AI,LINX,,
,22650,2,PathTLive,Perfect World!!,#kzn,じゃんけんほい！,BRT５,アスノヒカリ,,
,22676,1,,,雷土吏子,シークレット・ミッション・ラブ,,,,
,22686,1,,,八尋寧々（CV:鬼頭明里）＆もっけ（CV:吉田有里・森永千才・金澤まい）,来い！濃い恋,,,,
,22692,1,katagiri,tailwind,harmoe,Love is a potion,,,,
,22706,1,Official髭男dism,ホワイトノイズ,HEY-SMITH,Say My Name,,,,
,22721,1,MILLIONSTARS,Rat A Tat!!!,MILLIONSTARS,Welcome!!,MILLIONSTARS,セブンカウント,,
,22735,1,緋月ゆい,イケナイエトランゼ,シャーロット・エヴァンズ（CV.早見沙織）,Graceful World,,,,
,22749,1,Division All Stars,RISE FROM DEAD,Division All Stars,Next Stage,,,,
,22764,1,BACK-ON,ヒカリトカゼ,LINKL PLANET,Days of Birth,,,,
,22769,1,オーイシマサヨシ,好きになっちゃダメな人,鬼頭明里,Magie×Magie,,,,
,22784,1,伊藤美来,点と線,サンドリオン,天体図,,,,
,22798,1,さとうささら すずきつづみ,万聖街,ササノマリイ,まわりまわる,,,,
,22808,1,高橋優,雪月風花,にしな,シュガースポット,,,,
,22830,1,ELAIZA,スクラップ＆ビルド,Alisa,Bleed My Heart,,,,
,22844,1,B-PROJECT,熱烈＊ラブコール,B-PROJECT,Cinematic,キタコレ,Miracles,,
,22858,1,WEST.,AS ONE,WEST.,燃えてヒーロー,,,,
,22858,2,WEST.,ファンタジスタ,WEST.,燃えてヒーロー,,,,
,22858,3,WEST.,ハート,WEST.,燃えてヒーロー,,,,
,22886,1,Kaco,アンノウンの色彩,川越学園ボーイズ・クワイア部,Ride Out the Fall,"出井天使, a.k.a だんぼっち","Swing Low, Sweet charoit",,
,22900,1,センチミリメンタル,生きていかなくちゃ,センチミリメンタル,死んだっていい,,,,
,22912,1,Dannie May,コレクション,ヤマト（CV:梶田大嗣）、牛若（CV:森嶋秀太）、ジャック（CV:橘 龍丸）,青春☆ワチャゴナドゥ,マリア,祈り,,
,22926,1,NORISTRY,トライ・ライ・ライ,鈴木このみ,頑張れと叫ぶたび,,,,
,22940,1,,,,,UNDEAD,Resurrection of Soul,,
,22948,1,Ayumi.,pas @ pas！,かにこ（田中理恵）,Snow Ephemeral,とらこ（日高里菜）,チェスト！,,
,22977,1,,,papalion,On The Knee!,,,,
,22977,2,,,papalion,On The Knee!,,,,
,22977,3,,,papalion,On The Knee!,,,,
,23003,1,,,森山直太朗,ロマンティーク,,,,
,23029,1,,,ヨルシカ,月光浴,,,,
,23032,1,弓木英梨乃,ボーン! ボーン! ボーン!,,,,,,
,23086,1,,,松浦愛弓・有邑,全力DAYS,,,,
,23100,1,Nami Miyahara,クリプトニンジャ咲耶,,,,,,
,23127,1,サイキックラバー,TRANSFORMERS-Earthspark!!,,,,,,
,23153,1,,,,,Sing 4 Rhapsody,I Believe,,
,23159,1,GRANRODEO,TRASH CANDY,ラックライフ,名前を呼ぶよ,,,,
,23159,2,SCREEN mode,Reason Living,ラックライフ,風が吹く街,,,,
,23159,3,GRANRODEO,セツナの愛,ラックライフ,Lily,SCREEN mode,WRIGHT LEFT,,
,23159,4,SCREEN mode,TRUE STORY,ラックライフ,しるし,,,,
,23159,5,GRANRODEO,鉄の檻,ラックライフ,軌跡,,,,
,23222,1,nonoc,灯火,鈴木このみ,Secret Code,,,,
,23222,2,nonoc,楽園,sajou no hana,ニューサンス,,,,
,23248,1,キタニタツヤ,スカー,SennaRin,最果て,,,,
,23248,2,w.o.d.,STARS,神山羊,Endroll,,,,
,23276,1,りりあ。,貴方の側に。,伊東歌詞太郎,ヰタ・フィロソフィカ,,,,
,23290,1,Aimer,escalate,amazarashi,アンチノミー,,,,
,23304,1,Lezel,リセット ライフ？,Star★Shiμʼne!!!,ひみCHU★プリラブマジック,,,,
,23318,1,KANA-BOON,ソングオブザデッド,シユイ,ハピネス オブ ザ デッド,,,,
,23332,1,Omoinotake,幸せ,坂口有望,URL,,,,
,23347,1,綴,NAME,マサヨシがめがねを忘れた（小村くんと三重さんとオーイシマサヨシ）,メガネゴーラウンド,,,,
,23362,1,夢見クジラ feat. Mimizuku & Fukuro,剣花,夢見クジラ feat. Shachi Tsumugi,アイム,,,,
,23379,1,月詠み,救世主,チョーキューメイ,PRIDE,,,,
,23393,1,somei,憂う門には福来たる,asmi,破壊前夜のこと,,,,
,23408,1,ノラ from 今夜、あの街から,Chase Me,宮川愛李,タンバリンの鳴る丘,,,,
,23422,1,三月のパンタシア,ゴールデンレイ,Awkmiu,アロー,,,,
,23436,1,小林柊矢,HONEY,由薫,sugar,,,,
,23450,1,フィロソフィーのダンス,熱風は流転する,MIMiNARI,"厭わない feat. 富田美憂,市ノ瀬加那",,,,
,23464,1,大橋彩香,"Please, please!",ChouCho,twilight little star,,,,
,23478,1,sana（sajou no hana）,Brand new day,YuNi,風味絶佳,,,,
,23492,1,May’n,LIES GOES ON,SMILE PRINCESS,fakey merry game,,,,
,23506,1,ClariS,コイセカイ,ササノマリイ,トコシエスタ,,,,
,23520,1,Ayase✕R-指定,飛天,Reol,切っ先,,,,
,23520,2,菅田将暉✕東京スカパラダイスオーケストラ,るろうの形代,KID PHENOMENON,存在証明,,,,
,23546,1,BRADIO,ファンファーレ,Peel the Apple,いつものスープ,,,,
,23560,1,樋口 楓,Bravery? Naturally?,熊田茜音,Another Self,,,,
,23574,1,鈴木みのり,ミュージカル,諸星すみれ,叶える,,,,
,23574,2,中島 怜,サプライズ,東山奈央,door,,,,
,23600,1,CLASS:y,Crack-Crack-Crackle,Anna,reversal,,,,
,23615,1,halca,恋愛ミリフィルム,Amber's,エンドロール,,,,
,23629,1,luz,幽世,花澤香菜,灰色,,,,
,23629,2,luz,幽世,花澤香菜,インタリオ,,,,
,23656,1,愛美,煩悩☆パラダイス,結月(CV.愛美)、月夜(CV.芹澤優)、海月(CV.山下七海)、ミア(CV.朝日奈丸佳)、カグラ(CV.上坂すみれ),おいでませ！三日月寺,,,,
,23670,1,MADKID,One Room Adventure,ねんね,ミライ＝テレポート,,,,
,23684,1,なすお☆,バグちゃん,中島由貴,A NEW DAY,,,,
,23698,1,七海ひろき,It’s My Soul,saji,スターチス,,,,
,23698,2,愛美,HELP,カノエラナ,ヒカリ,,,,
,23724,1,中野家の五つ子 （花澤香菜・竹達彩奈・伊藤美来・佐倉綾音・水瀬いのり）,五等分の未来,中野家の五つ子 （花澤香菜・竹達彩奈・伊藤美来・佐倉綾音・水瀬いのり）,たからもの,,,,
,23728,1,早見沙織,plan,由崎司（CV：鬼頭明里）,ぐるぐるライブ,,,,
,23734,1,Aqours,幻日ミステリウム,Aqours,キミノタメボクノタメ,"ヨハネ(CV.小林愛香) / ダイヤ(CV.小宮有紗) ,ルビィ(CV.降幡 愛) , チカ(CV.伊波杏樹)",Far far away / Be as one!!!,,
,23749,1,メガテラ・ゼロ,誰が為,田所あずさ,プライベート・ルーム,,,,
,23763,1,Aile The Shota,No Frontier,GReeeeN,勿忘草,,,,
,23777,1,angela,AYAKASHI,saji,フラッシュバック,,,,
,23791,1,,,SawanoHiroyuki[nZk]:Laco,FAKEit,,,,
,23794,1,坊ちゃん（CV. 花江夏樹）＆アリス（CV. 真野あゆみ）,君とレヴュー,なすお☆,星屑レクイエム,,,,
,23808,1,MyGO!!!!!,壱雫空,MyGO!!!!!,栞,,,,
,23823,1,angela,THE BEYOND,angela,何故に..,,,,
,23837,1,,,TRUE,アンサンブル,,,,
,23840,1,,,MAO,whisper,,,,
,23864,1,,,花楓＆かえで(CV:久保ユリカ),不可思議のカルテ 花楓＆かえで Ver.,,,,
,23867,1,HiHi Jets,純情ウォーアイニー,7 MEN 侍,さよならまたねもうちょっと,,,,
,23882,1,Organic Call,呼ぶ声が鳴る方角へ,LINKL PLANET,l'll Be There,,,,
,23890,1,其原有沙,鳴らせ!むじなシンフォニー,六科なじむ(CV: 日高里菜) ∧ Neko Hacker,オ・ヒ・メ・サ・マ！,,,,
,23905,1,Lanndo feat. 須田景凪,心眼,黒羽アリス（小倉唯）,マイターン,,,,
,23905,2,Lanndo feat. 須田景凪,心眼,黒羽アリス（小倉唯）,マイターン,,,,
,23905,3,NEWS,Tick-Tock,超ときめき♡宣伝部,STAR,,,,
,23905,4,NEWS,Tick-Tock,超ときめき♡宣伝部,STAR,,,,
,23905,5,Half time Old,灯火,OCHA NORMA,シェケナーレ,,,,
,23905,6,Half time Old,灯火,OCHA NORMA,シェケナーレ,,,,
,23981,1,,,クジラ夜の街,マスカレードパレード,,,,
,23996,1,猫戦,もちもち,,,,,,
,24024,1,GYROAXIA,The last resort,青木陽菜,BLUE BUD,,,,
,24039,1,YOASOBI,アイドル,女王蜂,メフィスト,,,,
,24052,1,YOASOBI,祝福,シユイ,君よ　気⾼くあれ,,,,
,24052,2,yama,slash,アイナ・ジ・エンド,Red:birthmark,,,,
,24079,1,岡崎体育,Knock Out,フィロソフィーのダンス,シュークリーム・ファンク,,,,
,24079,2,Creepy Nuts,Bling-Bang-Bang-Born,私立恵比寿中学,トーキョーズ・ウェイ！,,,,
,24105,1,MAN WITH A MISSION × milet,絆ノ奇跡,milet × MAN WITH A MISSION,コイコガレ,椎名豪 featuring 中川奈美,竈門禰豆子のうた,,
,24118,1,KANA-BOON,ぐらでーしょん feat. 北澤ゆうほ,清 竜人,トリック・アート,,,,
,24133,1,Machico,STAY FREE,めぐみん(CV:高橋李依)、ゆんゆん(CV:豊崎愛生),JUMP IN,,,,
,24147,1,月詠み,逆転劇,スガ シカオ,ハチミツ,,,,
,24162,1,内田彩,Preview,ナナランド,七色の絵の具で,,,,
,24176,1,花澤香菜,ドラマチックじゃなくても,DIALOGUE+,かすかでたしか,,,,
,24190,1,来栖りん,I wish,ミタマ(cv.鬼頭明里),Steppin' Up Life!,,,,
,24204,1,Novelbright,Cantabile,『ユイカ』,夕さりのカノン feat.『ユイカ』,,,,
,24230,1,須田景凪,メロウ,逢田梨香子,ハナウタとまわり道,,,,
,24244,1,オーイシマサヨシ,死んだ！,久保ユリカ,可愛くって意地悪しちゃう,,,,
,24258,1,ナナヲアカリ,奇縁ロマンス,Cody・Lee(李),おどる ひかり,,,,
,24272,1,音莉飴,運命共同体！,佐藤ミキ,ドラマチック,鳳凰寺 紅葉（CV：瀬戸麻沙美）,Inserted Song By Akane Hououji,,
,24286,1,TrySail,華麗ワンターン,VALIS,無窮プラトニック,TrySail,Follow You！,,
,24299,1,Neko Hacker,刹那の誓い（feat.由崎司）,由崎司（CV：鬼頭明里,夜のかたすみ,,,,
,24313,1,藤川千愛,愛の歌,Dizzy Sunfist,Decided,,,,
,24327,1,和氣あず未,キミトノミライ,ユナ（CV:河瀬茉希）,ずっと,,,,
,24341,1,秘密結社ニルヴァージュ∀,Continue Distortion,メイビーME,Be ambitious!!!,,,,
,24355,1,MindaRyn,SURVIVE,SERRA,Always and Forever,,,,
,24369,1,BIN,朔の贄,GARNiDELiA,ONLY,,,,
,24369,2,Hinano,LOVE INFINITY,katagiri,call your name,,,,
,24395,1,松本千夏,となりあわせ,五色しおり（CV.和久井 優）,Near Stella,,,,
,24409,1,aiko,いつ逢えたら,Homecomings,ラプス,,,,
,24424,1,Gemstone7 （小嶋 凛、紗乃ひお、堤 雪菜、春咲 暖、広瀬ゆうき、福緒 唯、星希成奏）,リアルダイヤモンド,ユミナ、エルゼ、リンゼ、八重、スゥ、リーン、ルーシア、ヒルデガルド、桜 【CV】高野麻里佳、内田真礼、福緒 唯、赤﨑千夏、山下七海、上坂すみれ、高木美佑、芹澤 優、久保田未夢,イセカイジュエリー,,,,
,24438,1,近藤玲奈,アルコルとポラリス,Kitri,ココロネ,,,,
,24452,1,ヨルシカ,斜陽,こはならむ,数センチメンタル,,,,
,24466,1,小倉 唯,秘密♡Melody,白鷺陽芽（CV：小倉　唯）&綾小路美月（CV：上坂すみれ）,夢が覚めても,,,,
,24479,1,U149,Shine In The Sky☆,U149,よりみちリトルスター,市原仁奈（久野美咲）,みんなのきもち,,
,24493,1,asmi feat. Chinozo,ドキメキダイアリー,リコ（鈴木みのり）とロイ（寺崎裕香）,RVR〜ライジングボルテッカーズラップ〜,,,,
,24493,2,asmi feat. Chinozo,ドキメキダイアリー,リコ（鈴木みのり）とロイ（寺崎裕香）,RVR〜ライジングボルテッカーズラップ〜,,,,
,24493,3,yama × ぼっちぼろまる,ハロ,リコ（鈴木みのり）とロイ（寺崎裕香）,RVR〜ライジングボルテッカーズラップ〜,,,,
,24493,4,yama × ぼっちぼろまる,ハロ,リコ（鈴木みのり）とロイ（寺崎裕香）,RVR〜ライジングボルテッカーズラップ〜,,,,
,24493,5,IVE,Will,9Lana,Let me battle,,,,
,24540,1,超学生,スペースキャットビッグバン,DIALOGUE＋,にゃんぼりーdeモッフィー!!,,,,
,24554,1,愛美,MAGICAL DESTROYER,The 13th tailor,Gospelion in a classic love,,,,
,24568,1,PEOPLE 1,GOLD,Aimer,あてもなく,,,,
,24580,1,鈴木愛奈,Dash and Go!,堀内まり菜,Just a little bit,,,,
,24594,1,Smewthie,Cat!!してSuperGirls,Smewthie,トキメキ☆イチゴいちえ,,,,
,24594,2,Smewthie,めがもるふぉ～ぜ♡,Smewthie,Can-do Dreamer,,,,
,24620,1,西川貴教,Never say Never,ASCA,リンネ,,,,
,24620,2,Tani Yuuki,械物,ロザリーナ,my star,,,,
,24647,1,sumika,Starting Ove,miwa,ハルノオト,,,,
,24647,2,BLUE ENCOUNT,アマリリス,Little Glee Monster,今この瞬間を,,,,
,24673,1,宮野 真守,Quiet explosion,内田 雄馬,Salt & Sugar,,,,
,24687,1,鳳 ここな（CV.石見舞菜香）/静香（CV.長谷川育美）/カトリナ・グリーベル（CV.天城サリー）/新妻八恵（CV.長縄まりあ）/柳場ぱんだ（CV.大空直美）/流石知冴（CV.佐々木李子）,ワナビスタ！,鳳 ここな（CV.石見舞菜香）/静香（CV.長谷川育美）,トゥ・オブ・アス,鳳 ここな（CV：石見舞菜香）/ 新妻 八恵（CV：長縄まりあ）,Masquerade,,
,24701,1,BiSH,innocent arrogance,ASOBI同盟,誰も彼も何処も何も知らない,,,,
,24716,1,汤幻月,今天开始做明星,金天,那个我,,,,
,24731,1,広瀬香美,Venus Line,月詠み,ヨダカ,illiomote,Take a chance,,
,24745,1,EverdreaM,ENDLESS LABYRINTH,THE RAMPAGE,Love Will Find A Way,,,,
,24759,1,漣蒼士(CV.中島ヨシキ),Virgin Moonlight,,,,,,
,24769,1,fhána,Runaway World,AB6IX,Fly Away,,,,
,24769,2,fhána,Runaway World,Wienners,TOP SPEED,,,,
,24769,3,fhána,Runaway World,Mr.ふぉるて,克己心,,,,
,24769,4,fhána,Runaway World,TEMPEST,Baddest Behavior,,,,
,24769,5,fhána,Runaway World,ICEx,ビリミ,,,,
,24769,6,fhána,Runaway World,AXXX1S,大変でエスケープ(^o^)/,,,,
,24820,1,野田愛実,奇想天外ふしぎをどうぞ,KOCHO,はにゃ○満点、銭天堂。,,,,
,24854,1,UNISON SQUARE GARDEN,kaleido proud fiesta,ano,AIDA,,,,
,24854,2,UNISON SQUARE GARDEN,kaleido proud fiesta,向井太一,Pilot,,,,
,24880,1,,,,,旧fine,Genuine Revelation,,
,24888,1,浦島坂田船,SHINY,月見里和哉（内田雄馬）＆多岐瀬響（逢坂良太）,New frame,,,,
,24901,1,,,虹ヶ咲学園スクールアイドル同好会,"SINGING, DREAMING, NOW!",虹ヶ咲学園スクールアイドル同好会,Go Our Way！,,
,24904,1,UC,さあいくぞ！アニアキングダム,,,,,,
,24945,1,伊勢大貴,ププッとフムッとかいけつダンス,,,,,,
,24962,1,"ぐんまちゃん(CV:高橋花林),あおま(CV:内田彩),みーみ(CV:小倉唯)",SWITCH！,今村麻莉愛（HKT48）,Happy,,,,
,25075,1,ササキトモコ,ゴー！ゴー！びーくるずーのうた,,,,,,
,25075,2,ササキトモコ,ゴー！ゴー！びーくるずーのうた,,,,,,
,25103,1,,,,パズドラマーチ,,,,
,25103,2,,,,パズドラマーチ,,,,
,25103,3,,,,パズドラマーチ,,,,
,25103,4,,,,パズドラマーチ,,,,
,25157,1,ダン・クーソー（高橋李依）、ドラゴノイド（武内駿輔）,PLANET HERO,上月せれな,爆裂ハイジャンプ！,,,,
,25172,1,sajou no hana,天灯,早見沙織,Guide,,,,
,25172,2,早見沙織,視紅,sajou no hana,切り傷,,,,
,25196,1,純情のアフィリア,この盾に、隠れます。,FRAM,Step for Joy,,,,
,25210,1,オーイシマサヨシ,ギフト,椎名真昼（CV.石見舞菜香）,小さな恋のうた,椎名真昼（CV.石見舞菜香）,愛唄,,
,25224,1,花たん,アルカンシェル,アニスフィア・ウィン・パレッティア（CV：千本木彩花）、ユフィリア・マゼンタ（CV：石見舞菜香）,Only for you,,,,
,25238,1,angela,RECONNECTION,イーファ(CV.和氣あず未)×アミュ(CV.稗田寧々)×メイベル(CV.鬼頭明里),リンク,Sou,月夜のタクト,,
,25253,1,AUO feat. MORISAKI WIN,DAY1,ゆいにしお,セルフハグ・ビッグラヴ,,,,
,25267,1,えなこ feat.P丸様。,アイデン貞貞メルトダウン,ONIMAI SISTERS（高野麻里佳・石原夏織・金元寿子・津田美波）,ひめごと＊クライシスターズ,,,,
,25281,1,Teary Planet,kaleidoscope,konoco,ひだまりの彩度,,,,
,25295,1,AYAME（from AliA）,Dystopia,内田真礼,ラウドヘイラー,,,,
,25309,1,Hinano,CHANGEMAKER,鬼頭明里,Dear Doze Days,,,,
,25323,1,カノエラナ,ヨトギバナシ,宮野真守,Invincible Love,,,,
,25337,1,土岐隼一,Glorious World,阿部真央,Never Fear,,,,
,25351,1,前田佳織里,光ったコインが示す方,YABI×YABI,やっぱりエコノミー,,,,
,25365,1,ダズビー,イビツナコトバ,Anna,花のように,,,,
,25379,1,マハラージャン,くらえ！テレパシー,相沢 智（CV.高橋李依）・群堂みすず（CV.日高里菜）・キャロル・オールストン（CV.天城サリー）,yurukuru＊love,,,,
,25394,1,佐久間貴生,FROZEN MIDNIGHT,Nowlu（ノウル）,リナリア,,,,
,25408,1,ナノ,Evolution,山崎エリイ,Adore me,,,,
,25422,1,Van de Shop,贅沢な匙,内田雄馬,Happy-go-Journey,,,,
,25436,1,ラックライフ,℃,丁,ヒトミナカ,,,,
,25451,1,ルールーシー＝ルー（CV.下地 紫野）＆ティア（CV.洲崎 綾),Flower Ring,緋月ゆい,Feel the winds,,,,
,25465,1,Ayase,SHOCK!,DURDN,My Plan,,,,
,25479,1,MindaRyn,Way to go,田所あずさ,ドラム式探査機,,,,
,25492,1,ARCANA PROJECT,恋衣,TRUE,rebind,,,,
,25506,1,FIVE NEW OLD,Trickster,めいちゃん,スクワッド！,,,,
,25506,2,FIVE NEW OLD,Showdown,Raon,白昼夢,,,,
,25532,1,斉藤朱夏,僕らはジーニアス,Amber’s,buddy,,,,
,25546,1,NIGHTMARE,With,Muvidat,群青,,,,
,25560,1,PENGUIN RESEARCH,変幻自在,遥海,名もない花,,,,
,25574,1,Kvi Baba,TOMBI,Salyu × haruka nakamura,星のクズ α,,,,
,25588,1,上坂すみれ,LOVE CRAZY,長瀞さん（CV.上坂すみれ）、ガモちゃん（CV.小松未可子）、ヨッシー（CV.鈴木愛奈）、桜（CV.井澤詩織）,MY SADISTIC ADOLESCENCE♡,,,,
,25601,1,Official髭男dism,ホワイトノイズ,ツユ,傷つけど、愛してる。,,,,
,25616,1,福山 潤,NEW DRAMA PARADISE,TRD,Cozy Crazy PARTY!,,,,
,25630,1,レトベア（unknown Vo：O2）,ダウンタイマー,坂本真綾,un_mute,,,,
,25644,1,中島美嘉,Beyond,橋本裕太,愛を知っている,,,,
,25658,1,秋田知里,The story so far,中川奈美,proud hero,,,,
,25671,1,石井あみ,ひろがるスカイ！プリキュア ～Hero Girls～,石井あみ・吉武千颯,ヒロガリズム,,,,
,25671,2,石井あみ,ひろがるスカイ！プリキュア ～Hero Girls～,石井あみ・吉武千颯,ヒロガリズム,,,,
,25671,3,石井あみ,ひろがるスカイ！プリキュア ～Hero Girls～,吉武千颯,Dear Shine Sky,,,,
,25671,4,石井あみ,ひろがるスカイ！プリキュア ～Hero Girls～,吉武千颯,Dear Shine Sky,キュアスカイ（関根明良）、キュアプリズム（加隈亜衣）、キュアウィング（村瀬歩）、キュアバタフライ（七瀬彩夏）、キュアマジェスティ（古賀葵）,ヒロガリズム 〜Precure Quintet Ver.〜,,
,25723,1,Subway Daydream,Stand By Me,青葉西高校柔道部,いっぽんみち,,,,
,25738,1,橋本みゆき、榊原ゆい、Rita with AiRI、Ayumi.、片霧烈火、川村ゆみ、佐咲紗花、Duca、中恵光城、のみこ、美郷あき、yozuca*、rino、riya(eufonius),逆境☆不惑☆フラクション,犬飼加恋（CV. 会沢紗弥）＆猫谷ミケ（CV. 相良茉優）＆月城うさぎ（CV. 小坂井祐莉絵）,レッツゴー・マイ・ハウス!!!,,,,
,25754,1,森久保祥太郎,HYSTERIC CARAVAN,渕上 舞,ファンタジック・パートナー,,,,
,25767,1,ヨルシカ,テレパス,GReeeeN,ジュブナイル,,,,
,25780,1,KNoCC,LOVE NO HATE,KNoCC、STAND-ALONE,インヴィジブル -one heart-,,,,
,25794,1,,,高崎三奈美(みなみお姉さん)CV.北見六花,サイダーみたいな恋をして,,,,
,25804,1,UniteUp!,Unite up!,KIKUNOYU,いいの,PROTOSTAR,吠えろ！クロスファイヤー（PROTOSTAR ver.）,,
,25818,1,Lyrical Lily,Maihime,愛本りんく(CV：西尾夕香)、山手響子(CV：愛美)、出雲咲姫(CV：紡木吏佐)、瀬戸リカ(CV：平嶋夏海)、青柳 椿(CV：加藤里保菜)、桜田美夢(CV：反田葉月),Around and Around,,,,
,25831,1,,,虹ヶ咲学園スクールアイドル同好会,わちゅごなどぅー,,,,
,25845,1,アヌビス(CV:下野 紘)、トト(CV:梶 裕貴),コシャリズム,,,,,,
,25856,1,家入レオ,嘘つき,坂本真綾,まだ遠くにいる,,,,
,25868,1,The Struts,PEGASUS SEIYA,The Struts,SOMEBODY NEW,,,,
,25882,1,,,星北ヒナノ（土屋李央）、西条リリア（鈴木杏奈）、東坂ミオ（小倉唯）、南曜スバル（日向未南）,Starlight challenge,星北ヒナノ（土屋李央）,Wish upon a polestar,,
,25891,1,すとぷり,Accelerate,Argonavis feat. 旭那由多(小笠原仁) from GYROAXIA,Re-raise,,,,
,25904,1,,,angela,Start again,,,,
,25907,1,,,LUCY IN THE ROOM,Met,,,,
,25921,1,,,かずき山盛り,BBMonster,,,,
,25936,1,ALI,Professionalism feat.般若,梅田サイファー,Odd Numbers,,,,
,25936,2,梅田サイファー,スイッチ,ALI,BEYOND feat. MaRI,,,,
,25948,1,なとり,絶対零度,Young Kee,無敵,,,,
,25960,1,伊藤美来,Now On Air,歌種やすみ(CV：伊藤美来)&夕暮夕陽(CV：豊田萌絵),STAND BY YOU,,,,
,25971,1,フェンリース（CV：釘宮理恵）,旦那様とのラブラブ・ラブソング,DIALOGUE＋,ユートピア学概論,,,,
,25982,1,シャイニーカラーズ,ツバサグラビティ,アンティーカ,バベルシティ・グレイス,アルストロメリア,アルストロメリア,,
,25994,1,樋口楓,キュンリアス,熊田茜音,ハッピーの秘訣,,,,
,26007,1,Pii,お化けライオンひまわり,久保あおい,イロノナカ,,,,
,26019,1,蒼井翔太,EVOLVE,愛美,メリトクラシー,,,,
,26031,1,伊勢大貴,ププッとフムッとかいけつダンス,,,,,,
,26040,1,野田愛実,奇想天外ふしぎをどうぞ,KOCHO,はにゃ○満点、銭天堂。,,,,
,26050,1,音羽-otoha-,狂信者のパレード -The Parade of Battlers,シド,贖罪,,,,
,26061,1,P丸様。,ぜんりょくじょしかくめい！,青空ひまり（藤寺美徳）、星川みつき（平塚紗依）,ひみつだけどね,,,,
,26073,1,FANTASTICS,Sugar Blood Kiss,美人ver.：山本美人 (CV.市ノ瀬加那) ルカver.：早乙女ルカ (CV.土岐隼一) 蓮ver.：二階堂 蓮 (CV.梅原裕一郎),また あした,,,,
,26085,1,,,一姫（cv.内田真礼）、二階堂美樹（cv.斎藤千和）、かぐや姫（cv.伊瀬茉莉也）、八木唯（cv.小清水亜美）,カンカン姫姫,,,,
,26094,1,Sexy Zone,君のせい,ミイナ・オカベ,エヴリー・セカンド,,,,
,26106,1,Saucy Dog,poi,志方あきこ,とこしえ,,,,
,26118,1,,ゴジラのテーマ,,宇宙大戦争,,,,
,26143,1,TRUE,ReCoda,"北宇治カルテット［黄前久美子(CV.黒沢ともよ), 加藤葉月(CV.朝井彩加), 川島緑輝(CV.豊田萌絵), 高坂麗奈(CV.安済知佳)］",音色の彼方,,,,
,26155,1,いきものがかり,運命ちゃん,CHiCO,fam!,,,,
,26155,2,fripSide feat. Yoshino Nanjo,Secret Operation,ASOBI同盟,結婚行進曲,,,,
,26167,1,白鯊JAWS,VORTEX,飯卡 白鯊JAWS,THE TIDES,,,,
,26179,1,,,HACHI,Dusk,,,,
,26191,1,Sacra e sole,羽ばたけ,TOKYO GROOVE JYOSHI featuring 大井とんぼ（CV：はやしりか）,Let’s Swing,,,,
,26202,1,,,,パズドラマーチ,,,,
,26214,1,MA55IVE THE RAMPAGE,Wild Boy,Crab 蟹 Club,バイラルハック,,,,
,26226,1,ささきいさお,宇宙戦艦ヤマト,平原綾香,愛は今も光,ささきいさお,ヤマト!! 新たなる旅立ち,,
,26234,1,キミのね,レイドバックジャーニー,亜咲花,So Precious,,,,
,26246,1,CHANSUNG(2PM) & AK-69 feat. CHANGMIN(2AM),Into the Fire,EverdreaM,運命,,,,
,26258,1,The Brow Beat,ワカラナイアイ,山本彩,ブルースター,,,,
,26269,1,Hana Hope,旅のゆくえ,ClariS,アンダンテ,,,,
,26269,2,Aimer,Sign,音莉飴,りんごと君,,,,
,26280,1,,,虹ヶ咲学園スクールアイドル同好会,虹ヶ咲学園校歌（Rock Ver.）,,,,
,26292,1,降幡 愛（Purple One Star）,ホホエミノオト,豪徳寺ミラ（CV.内田真礼）、宮坂拓己（CV.斉藤壮馬）,ココロのカギ,,,,
,26304,1,INI,Whatever Happens,三日月宗近（CV:鳥海浩輔） 山姥切国広（CV:前野智昭） 宗三左文字（CV:泰 勇気） 不動行光（CV:阪口大助） へし切長谷部（CV:新垣樽助） 薬研藤四郎（CV:山下誠一郎） 江雪左文字（CV:佐藤拓也） 小夜左文字（CV:村瀬 歩） 一期一振（CV:田丸篤志） 鯰尾藤四郎（CV:斉藤壮馬） 燭台切光忠（CV:佐藤拓也） 鶴丸国永（CV:斉藤壮馬）,DAYBREAK,,,,
,26314,1,LiSA,Shouted Serenade,八木海莉,recall,三月のパンタシア,スノーノワール,,
,26326,1,佐々木李子,Windshifter,伊東泉(CV.川村海乃)、平塚ナナ(CV.葵あずさ)、弥彦巫子(CV.長谷川玲奈)、那古屋紗智(CV.北守さいか)、高松絹早(CV.杉山里穂)、熊本愛(CV.日向未南),Override!,,,,
,26337,1,Lenny code fiction,SEIEN,ももすももす,エソア,,,,
,26337,2,BURNOUT SYNDROMES×東山奈央,魔王,楠木ともり,シンゲツ,,,,
,26359,1,MADKID,ふたつのことば,谷本貴義,つなぎあい,,,,
,26370,1,トゲナシトゲアリ,雑踏、僕らの街,トゲナシトゲアリ,誰にもなれない私だから,ダイヤモンドダスト,空の箱,,
,26382,1,KyoungSeo,運命線で抱きしめて,大橋 彩香,美味しいセレナーデ,,,,
,26385,1,水樹奈々,ADRENALIZED,SCANDAL,ファンファーレ,,,,
,23905,7,ナノ,Do or Die,LIL LEAGUE,HEAVY GAMER,,,,
,23905,8,ナノ,Do or Die,LIL LEAGUE,HEAVY GAMER,,,,
,26418,7,TK from 凛として時雨,誰我為,Omoinotake,蕾,,,,
,26426,1,小倉 唯,君色のキセキ,サンドリオン,Sunny Canvas,,,,
,26437,1,STEREO DIVE FOUNDATION,PEACEKEEPER,来栖りん,Believer,,,,
,26437,2,ももいろクローバーZ,レナセールセレナーデ,MindaRyn(マイダリン),Miracle soup,,,,
,26449,1,YUNGBLUD,Abyss,OneRepublic,Nobody,,,,
,26460,1,川崎鷹也,Stardust Memory,上白石萌音,スピカ,オレオレオナ,Swallow,,
,26472,1,澤野弘之,IVORY TOWER feat.SennaRin,水槽,ランタノイド,,,,
,26488,1,カノエラナ,イロドリ,ツルシマアンナ,1日は25時間。,JELEE,カラフルムーンライト（ギターアレンジver.）,,
,26500,1,Sou,世界を射抜いて,岡咲美保,カナタボシ,,,,
,26511,1,SSGIRLS（歌：笹倉かな）,Follow your arrows,木野ひまり（CV：嶋野花）,ギフティ,,,,
,26521,1,GRe4N BOYZ,閃光ハヤブサ,meiyo,HOPE!HOPE!HOPE!,,,,
,26533,1,キタニタツヤ,次回予告,ナナヲアカリ,正解はいらない,,,,
,26543,1,なすお☆,シネマティックパレード,アリス（CV.真野あゆみ）,エトワールメモワール,,,,
,26554,1,The Struts,PEGASUS SEIYA,The Struts,SOMEBODY NEW,,,,
,26567,1,MY FIRST STORY × HYDE,夢幻,HYDE × MY FIRST STORY,永久 -トコシエ-,,,,
,26574,1,TRUE,ブルーデイズ,リシア・プレイド（花澤香菜）,Finally,,,,
,26586,1,LONGMAN,spiral,大原ゆい子,ムスビメ,シルフィエット（茅野愛衣）,花咲み,,
,26586,2,ヒトリエ,オン・ザ・フロントライン,大原ゆい子,守りたいもの,ナナホシ（若山詩音）,ツバサ,,
,26610,1,アビドス高等学校対策委員会,青春のアーカイブ,アビドス高等学校対策委員会,真昼の空の月,,,,
,26622,1,,,アレク(CV. 柊三太)・ロニール(CV.春男児),Colorful Fairytale,,,,
,26632,1,和ぬか,ギフにテッド,名誉伝説,今晩の喧嘩,,,,
,26648,1,AliA,NewGame,立花日菜,I'm GAME!,,,,
,26661,1,中島怜,GA-TAN GO-TON,ロクデナシ,ユリイカ,大渕野々花,黒豹便のテーマ,,
,26674,1,丁,呼び声,Arika,blan_,,,,
,26686,1,遊遊,ハザードシンボル,大渕野々花,朱く染めて心臓,,,,
,26697,1,Machico,Growing Up,アクア（CV：雨宮天）、めぐみん（CV：高橋李依）、ダクネス（CV：茅野愛衣）,あの日のままのぼくら,,,,
,26709,1,富田美憂,Paradoxes,sweet ARMS,ヒトヒラ,,,,
,26721,1,ライラック,Mrs. GREEN APPLE,忘レナ唄,マカロニえんぴつ,,,,
,26732,1,コレサワ,君がおじいちゃんあたしがおばあちゃん,正蔵（CV:三木眞一郎）＆イネ（CV:能登麻美子）,添い遂げYO-YO!!,,,,
,27072,1,米津玄師,KICK BACK,ano,ちゅ、多様性。,マキシマム ザ ホルモン,刃渡り２億センチ,,
,27101,1,7ORDER,Growing up,ポップしなないで,ローリンソウル・ハッピーデイズ,,,,
,27058,1,結束バンド,青春コンプレックス,結束バンド,Distortion!!,結束バンド,光の中へ,,
,27115,1,高橋李依,共感されなくてもいいじゃない,ACCAMER,ノミック,,,,
,27129,1,UNISON SQUARE GARDEN,カオスが極まる,仲村宗悟,WINNER,,,,
,27129,2,ASH DA HERO,Judgement,UNISON SQUARE GARDEN,Numbness like a ginger,,,,
,27155,1,SUPER BEAVER,ひたむき,秋山黄色,SKETCH,,,,
,27450,1,慈輝月学園キャンプ部(廣田 もも、藤森 楓、白河 夏海),エイチ・ビー/Harem Beat,,,,,,
,27182,1,"美波, SAKURAmoti",アイウエ,"花譜, ツミキ",トウキョウ・シャンディ・ランデヴ,,,,
,27182,2,"asmi, すりぃ",アイワナムチュー,"yama, ニト",アイタリナイ,,,,
,27460,1,GARNiDELiA,幻愛遊戯,Hinano,ヴァージニア,,,,
,27207,1,鈴木雅之 feat. 高城れに,Love is Show,鈴木愛理,heart notes,halca,ロマンティックマニフェスト,,
,27475,1,ALI,NEVER SAY GOODBYE feat. Mummy-D,THE SPELLBOUND,すべてがそこにありますように。,,,,
,27213,1,とんとことんスタッフ一同,メイド大回転,万年嵐子,冥途の子守唄,,,,
,27490,1,平沢進,Aria,中島美嘉,Wish,,,,
,27588,1,,,安部美奈子,そばにいて,,,,
,27227,1,Ayumu Imazu,HONEYCOMB,NCT 127,Sunny Road,,,,
,27505,1,MOB CHOIR,1,MOB CHOIR,コバルト,,,,
,27519,1,ヰ世界情緒,暮れなずむ約束,Hilcrhyme,コイゴコロ,,,,
,27633,1,Gentlemen,Dreamy Life,Story of Love,FRIENDS,永久少年,Eternal,,
,27533,1,ハンブレッダーズ,光,黒子首,おぼえたて,,,,
,27547,1,,,ウオッカ（大橋彩香）、ダイワスカーレット（木村千咲）、ツルマルツヨシ（青山吉能）、シンボリクリスエス（春川芽生）、タニノギムレット（松岡美里）,ゆるパカHAPPY DAYS!,,,,
,27573,1,VAZZY,Fly High,眞宮孝明（新垣樽助）,Follow Me,SolidS,運命を越える”Venga”,,
,27659,,"JAM Project,栗林みな実",暁を撃て,V.W.P,再会,,,,
,27673,2,松浦航大,英雄のうた,小林マナ,迷える羊たちの挽歌,,,,
,27690,2,蒼井翔太,Endless Love,ポプ子(CV:大須賀純)、ピピ美(CV:高橋広樹),仲良ピース(男性Ver.),,,,
,27704,1,すとぷり,ニジイロヒストリー,すとぷり,STPRQUEST,,,,
,27746,1,ななひら,ぷにぷにぷにるんず ぷにックスバージョン,,,,,,
,27253,1,女王蜂,MYSTERIOUS,krage,夏の雪,,,,
,27267,1,宇多田ヒカル,PINK BLOOD,浜渦正志,Roots,,,,
,27289,1,FANTASTICS from EXILE TRIBE,ギリギリRide it out,水曜日のカンパネラ,鍋奉行,,,,
,27313,1,岸田教団＆THE明星ロケッツ,転生したら剣でした,黒崎真音,more<STRONGLY,,,,
,27327,1,ReoNa,Alive,Doul,BE ME,,,,
,27337,2,04 Limited Sazabys,Keep going,Novelbright,PRIDE,,,,
,27364,1,NACHERRY,エクリプス,リッカ(CV.⽥中ちえ美)、千代(CV.村上奈津実)、関根(CV.佐倉綾⾳)、翼(CV. 潘めぐみ),For 4 Forever,,,,
,27377,1,潟女DIY部!!,どきどきアイデアをよろしく！,せるふとぷりん,続く話,,,,
,27391,2,IDOLiSH7,THE POLiCY,ŹOOĻ,IMPERIAL CHAIN,,,,
,27423,1,龍玄とし,時雨,"C2機関""1MYB""",未来,,,,
,27433,1,ヰ世界情緒,暮れなずむ約束,Hilcrhyme,コイゴコロ,,,,
,27447,1,由崎司（鬼頭明里）,Tsukasa's♪ Kitchen,カノエラナ,月と星空,,,,
,27086,1,MADKID,Change The World,高野麻里佳,LOVE&MOON,,,,
,27809,1,Eve,スイートメモリー,ammo,意解けない,,,,
,27813,1,PassCode,WILLSHINE,シャイ/紅葉山テル (CV.下地紫野)＆小石川惟子 (CV.東山奈央),そばにいるよ,,,,
,28141,1,ビバラッシュ,エンペラータイム,弌誠,GAME OVER,,,,
,6887,8,奥井雅美 /矢吹俊郎,曖昧さ、幸福論,,,,,,
,28106,1,YOASOBI,UNDEAD,,,千石撫子（花澤香菜）、斧乃木余接（早見沙織）,caramel ribbon cursetard,,
,28112,1,coldrain,VENGEANCE,,,,,,
,28120,1,アーリャ（CV：上坂すみれ）,1番輝く星,,学園天国,,,,
,28128,1,GEMN,ファタール,羊文学,Burning,,,,
,28136,1,七海 うらら,感情革命ロックンロール,Crimson Crat Clan,King‘s Choice,,,,
,28155,1,超学生,Hazure,Hakubi,pray,,,,
,28169,1,桜木舞華 【ウタヒメドリーム】（鈴木杏奈）,AMBITION,ウタヒメドリーム オールスターズ,ノーギフテッド,,,,
,28182,1,SWEET REVENGE,Might Just,Nornis,夜が明けるまで,,,,
,28199,1,fhána,天使たちの歌,Kitri,水槽のブランコ,,,,
,28213,1,ときのそら,おかえりなさい,清水美依紗,Wave,,,,
,23290,2,LiSA,ブラックボックス,GEMS COMPANY,灰ト祈リ,,,,
,28239,1,TrySail,マイクロレボリューション,ナナヲアカリ,ブループリント,,,,
,28253,1,めいちゃん,シャッターチャンス,天乃リリサ (cv.前田佳織里)・橘 美花莉 (cv.鬼頭明里),Watch Me,,,,
,28267,1,REAL AKIBA BOYZ loves 田口華有＆AiRyA from REAL AKIBA BAND,フライド☆プライド,でも食べ隊,みんなDEダイエット,,,,
,28293,1,すとぷり,宿命,MyGO!!!!!,端程山,,,,
,28306,1,Liyuu,No Complete,NACHERRY,LOOP,,,,
,28321,1,宮野真守,The Battle,,,,,,
,28336,1,いきものがかり,晴々！,Little Glee Monster,ORIGAMI,,,,
,28351,1,meiyo,STICKER!!!,,,,,,
,28365,1,岬 なこ,ちいさな蕾,堀内まり菜,Glitter,,,,
,28379,1,シカ部,シカ色デイズ,鹿乃子のこ(CV.潘めぐみ)、虎視虎子(CV.藤田咲),シカせんべいのうた,,,,
,28392,1,水曜日のカンパネラ,赤猫,離婚伝説,本日のおすすめ,,,,
,28406,1,手羽先センセーション,ゆるリング Travel days,ゴホウビ,MAKUAKE,,,,
,28420,1,山崎育三郎,クランクアップ,Amber’s,Unchain×Unchain,,,,
,28434,1,ゴホウビ,ブラウス,七倉 凛（CV：早見沙織）,アドリブ,,,,
,28448,1,SennaRin,dust,SennaRin,melt,,,,
,28462,1,PoMPoMs,Cheer for you!,PoMPoMs,with,PoMPoMs,YOU for YOU,,
,28475,1,小玉ひかり,チャージ！,アーリオ・オーリオ・エ・ペペロンチーノ,なっちゃった！,,,,
,28489,1,NiziU,RISE UP,NiziU,BELIEVE,,,,
,28502,1,GLAY,会心ノ一撃,BAND-MAID,Protect You,,,,
,28517,1,布袋寅泰,Another World,Mori Calliope,Go-Getters,,,,
,28529,1,串田アキラ,荒野に咲けよ冒険者たち,藤川千愛,さがしもの,,,,
,28543,1,りぶ(CV.ファイルーズあい)、苺子(CV.伊藤ゆいな)、譜風(CV.羊宮妃那)、十景(CV.上田瞳)、ゆき(CV.茅野愛衣),ギミギミ,真咲(CV.長谷川育美),編集点,,,,
,28557,1,くじら,我がまま,くじら,あれが恋だったのかな feat. にしな,,,,
,28571,1,高梨康治×FLOW,LOVE & JUSTICE,キン肉マン（CV:宮野真守）,超人,,,,
,28585,1,原因は自分にある。,P-P-P-PERO,,,エンドオブザワールド（CV:青山 吉能）,あなたが私のエグミレガシー,,
,28599,1,DISH//,プランA,ぼっちぼろまる,鎌倉STYLE,,,,
,28612,1,KOHTA YAMAMOTO feat. Shun Ikegai,Ctrl C,KOHTA YAMAMOTO feat. 明智マヤ,I still,,,,
,28625,1,Da-iCE,Story,僕が見たかった青空,友よ　ここでサヨナラだ,,,,
,28639,1,AliA,セナカアワセ,Sizuk,Para Bellum,,,,
,28645,1,Lezel,未完成ランデヴー,ミラ＆深森白夜（CV：小野友樹＆中原麻衣）,いつも二人がいいね,,,,
,28659,1,心音淡雪（CV:佐倉綾音）&シュワちゃん（CV:佐倉綾音）,バーチャル・ショータイム！,,,Live-ON CAST,ライブスタート,,
,28673,1,ASCA,FACELESS,LMYK,I LUV U 2,,,,
,28685,1,伊東歌詞太郎,修羅日記,前島麻由,さよなら、素晴らしき世界よ,,,,
,28699,1,乃木坂46,あの光,22/7（ナナブンノニジュウニ）,YESとNOの間に,,,,
,28714,1,Unlucky Morpheus,世界輪廻,好芻,途切れないで,,,,
,28728,1,天月 -あまつき-,Up Start,May’n,ストロボ・ファンタジー,,,,
,28741,1,,,ユカニュン,ハートバランス,,,,
,28751,1,PENGUIN RESEARCH,Fire and Fear,TRUE,フローズン,,,,
,28772,1,,,majiko,GHOST,,,,
,28787,1,内田真礼,パラレルなハート,神宮寺琉実（CV.後本萌葉）、神宮寺那織（CV.内田真礼）,ハニーシトロン,,,,
,28801,1,ぼっちぼろまる,つよがるガール feat. もっさ(ネクライトーキー),八奈見杏菜 (CV.遠野ひかる),LOVE2000,,,,
,28814,1,STEREO DIVE FOUNDATION,KATAWARA,七海ひろき,夜の隨,,,,
,28970,1,ano,許婚っきゅん,りりあ。,あんたなんて。,,,,
,28984,1,ぷにる（CV：篠原 侑）,ぎゅむ！,,,,,,
,29029,1,柏木ひなた,Alca,近藤利樹,こまりわらい,,,,
,29043,1,サカナクション,怪獣,ヨルシカ,アポリア,,,,
,29043,2,サカナクション,怪獣,ヨルシカ,へび,,,,
,29057,2,HEY-SMITH,Feel My Pain,Jin Dogg,NANI?,,,,
,29074,1,PassCode,SKILLAWAKE,田中有紀,Familiar,,,,
,29088,1,鈴木このみ,Reweave,MYTH & ROID,NOX LUX,,,,
,29106,1,Kidella,Wake up,emBLEm=ADLER,GLANZ,,,,
,29012,1,HY,きのこいぬ,IBERIs&,Heart b-b-beat!!,,,,
,29121,1,Creepy Nuts,オトノケ,ずっと真夜中でいいのに。,TAIDADA,,,,
,29135,1,ReoNa,GG,レン starning 楠木ともり,Little Dancer,,,,
,29162,1,月詠み,ナラティブ,,,,,,
,23248,3,SIX LOUNGE,言葉にせずとも,水槽,MONOCHROME,,,,
,29187,1,UNISON SQUARE GARDEN,傍若のカリスマ,Snow Man,One,,,,
,29202,1,UVERworld,MMH,Hana Hope,アカイロ,,,,
,29234,1,SUPER★DRAGON,リトル・ラヴァーズ,,,,,,
,29248,1,ゼッド feat. C&K,ジャカ☆ジャ〜ン,ゼッド×AI,NAKAMA,,,,
,29261,1,キタニタツヤ×なとり,いらないもの,NOMELON NOLEMON,⽔光接天,,,,
,29287,1,吉乃,ODD NUMBER,鯨木,ハローとグッバイ,,,,
,29301,1,なすお☆,メリーゴーランドタイム,ASOBI同盟,王様だーれだっ,,,,
,29315,1,ももいろクローバーZ,やわく恋して～ずっと僕らでいられますように～,甘神三姉妹,君に恋を結んで,,,,
,29341,1,Liyuu,バッドゥドゥドゥ,来栖りん,わっちゅあね？,,,,
,29355,1,Lezel,葛藤Tomorrow,P丸様。,すくりぃむ！,,,,
,29369,1,水瀬いのり,フラーグム,カノエラナ,リバーシブルベイベー,,,,
,29382,1,李玉剛,善念起,龚淑均,星如雨,,,,
,29395,1,梟note,Brave one,MiMi,飴色水彩,,,,
,29409,1,Official髭男dism,Same Blue,Eve,ティーンエイジブルー,,,,
,29423,1,Van de Shop,イト,96猫,承認欲求,,,,
,29437,1,&TEAM,Beat the odds,Klang Ruler,アンビリーバブル,,,,
,29437,2,宮本浩次,over the top,imase,EGOIST,,,,
,29463,1,HoneyWorks feat.ハコニワリリィ,キラキラ,ゴホウビ,つまりは,,,,
,29477,1,セツコ(空白ごっこ),VORTEX,セツコ(空白ごっこ),karma,,,,
,29490,1,GRe4N BOYZ,少年,sajou no hana,ハイドレート,,,,
,29504,1,まふまふ,オーダーメイド,syudou,ワークアウト,,,,
,29532,1,PUFFYとついでにTOOBOE,コラージュ,halca,瞬間最大風速,,,,
,29546,1,オーイシマサヨシ,ギャンブリングホール,太陽と踊れ月夜に唄え,プラスティック・ショーケース,,,,
,29559,1,Reol,RE RESCUE,Yobahi,ツララ,,,,
,29573,1,ASCA,明日世界が終わるとしても,MIMiNARI,クランシック feat. 北澤ゆうほ,,,,
,29587,1,tricot,おとずれ,DUSTCELL,表情差分,,,,
,29603,1,立花日菜,最強？最高！Brave My Heart,Sizuk,Only,,,,
,29616,1,DJクマーバ,こんにちワールド,,,,,,
,29643,1,莉犬（すとぷり）,へんしん!,ヤバイTシャツ屋さん,すこ。,,,,
,29657,1,pachae,アイノリユニオン,Ms.OOJA,Hidamari,,,,
,29697,1,THE ORAL CIGARETTES,UNDER and OVER,吉乃,なに笑ろとんねん,,,,
,29710,1,ハンブレッダーズ,フィードバックを鳴らして,hockrockb,ラビリンス,,,,
,29724,1,Sacra e sole,Seven pieces,TOKYO GROOVE JYOSHI,勝ちたくなっちゃったね,,,,
,29755,1,フォーエイト48,えびぞりターン！,『ユイカ』,僕らしさ,,,,
,29781,1,sajou no hana,淡く微か,花たん,gradation,,,,
,29795,1,坂本真綾,nina,東山奈央,星の伝言,,,,
,29809,1,LUN8,Together Forever,EverdreaM,君と見た景色,,,,
,29823,1,シユイ,ホロウ,sekai,スピラ,,,,
,29836,1,LiSA,QUEEN,音羽-otoha-,闇夜のダンサー -Dancer in the Dark Night,,,,
,29836,2,Awich,Frontiers,CVLTE,realitYhurts.,,,,
,29863,1,Void_Chords feat. MindaRyn,Unending Wish,DOBERMAN INFINITY,The other story,,,,
,29888,1,SPYAIR,青,"THE JET BOY BANGERZ
from EXILE TRIBE",UNBREAKABLE,,,,
,29915,1,大西亜玖璃,アウフタクト,諏訪ななか,春待歌,,,,
,29929,1,KOHTA YAMAMOTO feat. SAIKI,Tactics,KOHTA YAMAMOTO feat. AAAMYYY,Liberation,,,,
,29943,1,MADKID,Chaser,牧島 輝,Phoenix,,,,
,29956,1,名無し之太郎,風化,LEEVELLES,幸福のすゝめ,,,,
,29148,1,,プリズムフレア,,,,,,
,29215,1,Liella!,,Liella!,,,,,
,29228,1,,,八尋寧々（CV:鬼頭明里）＆もっけ（CV:吉田有里・森永千才・金澤まい）,来い！濃い恋,,,,
,28253,2,そらる,ツギハギの翼,"天乃リリサ(CV:前田佳織里)、橘美花莉(CV:鬼頭明里)、
ノノア(CV:鈴代紗弓)、喜咲アリア(CV:渡部紗弓）",Release Sigh,,,,
,28489,2,Stray Kids,NIGHT,Stray Kids,,,,,
,29990,1,中野家の五つ子(花澤香菜、竹達彩奈、伊藤美来、佐倉綾音、水瀬いのり),五等分の気持ち,内田彩,Sign,,,,
,30003,1,中野家の五つ子(花澤香菜、竹達彩奈、伊藤美来、佐倉綾音、水瀬いのり),五等分のカタチ,中野家の五つ子(花澤香菜、竹達彩奈、伊藤美来、佐倉綾音、水瀬いのり),はつこい,,,,
,29518,1,,,sanetii,寵愛族,,,,
,30078,1,MORISAKI WIN,ネバネバ,ジオ（松田颯水）×ダイヤ（小松未可子）,survival dAnce,,,,
,30091,1,地縛少年バンド,No.7,鬼頭明里,Tiny Light,,,,
,28141,2,Travis Japan,Fly Higher,相羽あいな,REASONS,,,,
,30706,1,Tom-H@ck featuring 大石昌良,Go EXCEED!!,日笠陽子,Seek Diamonds,,,,
,30782,1,GLAY,HEROES,OxT,KIMERO!!,,,,
,30834,1,Official髭男dism,Cry Baby,eill,ここで息をして,,,,
,30834,2,Official髭男dism,Cry Baby,トーキョーワンダー。,泣き虫,,,,
,30885,1,鈴木このみ,アルカテイル,鈴木このみ,Lasting Moment,,,,
,31048,1,石原夏織,Cherish,内田真礼,聴こえる？,,,,
,28814,2,STEREO DIVE FOUNDATION,KATAWARA,Rainy。,万里一空,,,,
,29970,1,BPM15Q,Across Universe,,,,,,
,31172,1,HY,大大大好き,,,,,,
,31288,1,大渕野々花,最上級の心,,,,,,
,31302,1,F/ACE,Eyes On You,,,,,,
,31728,1,零,Enter,田中有紀,Treasure Chest,,,,
,30574,1,牧島 輝,Cuz I,内田 彩,Explosive Heart,,,,
,31496,1,佐々木李子,Palette Days,樋口楓、叶,Yummy Yummy,,,,
,31456,1,前橋ウィッチーズ,スゴすぎ前橋ウィッチーズ！,,,,,,
,31330,1,梶浦由記,starting the case: Rail Zeppelin,ASCA,雲雀,,,,
,31233,1,東山奈央,灯火のまにまに,沼倉愛美,彩 -color-,大旦那,願い花,,
,31233,2,ナノ,ウツシヨノユメ,中島愛,知らない気持ち,葉鳥,ヤシホノハナ,,
,30172,1,Aimer,SCOPE,ゴスペラーズ,will be fine feat. Anly,,,,
,31143,1,XIIX,煌めき,ハンブレッダーズ,夜明けの歌,,,,
,30466,1,DIALOGUE+,TREASURE！,harmoe,トゥインクル・デイズ,,,,
,31102,1,幾田りら,百花繚乱,平井 大,幸せのレシピ,,,,
,32001,1,井口裕香,Hey World,分島花音,RIGHT LIGHT RISE,,,,
,32015,1,井口裕香,HELLO to DREAM,sora tob sakana,ささやかな祝祭,,,,
,32028,1,井口裕香,over and over,sajou no hana,Evergreen,,,,
,32041,1,SawanoHiroyuki[nZk]：Uru,Binary Star,ELISA,WISH,,,,
,32054,1,SawanoHiroyuki[nZk]：Uru,Binary Star,SawanoHiroyuki[nZk]：Anly,Tranquility,,,,
,32067,1,SennaRin,dust,SennaRin,melt,,,,
,32108,1,櫻川めぐ,はよ、New World.,,,,,,
,32236,1,発条月亮,時空の隙,陳泽偉,風を追う,,,,
,32250,1,渡部 沙智子,未来の昔ばなし,渡部 沙智子,アサティール 〜未来の星空〜,,,,
,32387,1,JAM Project,THE HERO !! ～怒れる拳に火をつけろ～,森口博子,星より先に見つけてあげる,,,,
,32400,1,JAM Project,静寂のアポストル,古川慎,地図が無くても戻るから,,,,
,33929,2,芹澤 優,ROCK ME KISS ME feat. MOTSU,Himika Akaneya,Side U (Prod. AmPm),,,,
,32121,1,喜多修平,一斉の声,中孝介,夏夕空,,,,
,32135,2,LONG SHOT PARTY,あの日タイムマシン,高鈴,愛してる,,,,
,32149,3,HOW MERRY,僕にできること,中孝介,君ノカケラ feat 宮本笑里,,,,
,32163,4,ひいらぎ,今、このとき。,河野マリナ,たからもの,,,,
,32177,5,ササノマリイ,タカラバコ,Aimer,茜さす,,,,
,32189,6,佐香 智久,フローリア,安田レイ,きみのうた,,,,
,32202,1,,,"芹澤 優, メロディー・チューバック & Yonca",Cryptogram,,,,
,32210,1,SG,LUCID DREAM,杉本 琢弥,IとU,,,,
,32373,1,アーリオ・オーリオ・エ・ペペロンチーノ×雪花ラミィ,ブレイブリーダンス,TrySail,そんな僕らの冒険譚!,,,,
,32471,1,鈴木このみ,Redo,MYTH & ROID,STYX HELIX,,,,
,32471,2,MYTH & ROID,Paradisus-Paradoxum,エミリア(CV：高橋李依),Stay Alive,,,,
,32497,1,鈴木このみ,Realize,nonoc,Memento,,,,
,32497,2,前島麻由,Long shot,nonoc,Believe in you,,,,
,32538,1,木戸慎太郎(CV.五日天峰),戀情カメリア,,,,,,
,30214,1,BLUE ENCOUNT,Bloody Liar,ぼっちぼろまる,NE-CHU-SHOW,,,,
,32569,1,クリープハイプ,星にでも願ってろ,,,,,,
,32665,1,SawanoHiroyuki[nZk]:Laco,FAKEit,,,,,,
,32334,1,ASIAN KUNG-FU GENERATION,ライフ イズ ビューティフル,そこに鳴る,miss-dystopia,,,,
,32730,3,imase,エトセトラ,伊藤ゴロー,ケ・セラ・セラ,,,,
,32750,1,北川 理恵,Dokkin♢魔法つかいプリキュア！,キュアミラクル(高橋 李依)、キュアマジカル(堀江 由衣),CURE UP↑RA♡PA☆PA!～ほほえみになる魔法～,,,,
,32750,2,北川 理恵,Dokkin♢魔法つかいプリキュア！Part2,キュアミラクル(高橋 李依)、キュアマジカル(堀江 由衣)、キュアフェリーチェ（早見沙織）,魔法アラ・ドーモ！,,,,
,32802,1,AKINO from bless4・福山芳樹,創聖のアクエリオン Myth of Emotions Ver.,AKINO from bless4,告白,,,,
,32815,1,AKINO from bless4,創聖のアクエリオン,牧野由依,オムナ マグニ,,,,
,32815,2,AKINO from bless4,Go Tight!,牧野由依,オムナ マグニ,,,ED14話・25話は異なる楽曲,
,32842,1,AKINO from bless4,君の神話〜アクエリオン第二章,AKINO from bless4,月光シンフォニア,,,,
,32842,2,AKINO from bless4,パラドキシカルZOO,ユノハ・スルール（小倉唯）,ユノハノモリ,,,,
,32868,1,May'n,ヤマイダレdarlin',千菅春香,ジュ・ジュテーム・コミュニケーション,,,,
,32868,2,May'n,夜明けのロゴス,May'n featuring 千菅春香,本当の声をあなたに預けたくて,,,,
,32895,1,CIVILIAN,正解不正解,楠木ともり,ハミダシモノ,,,,
,32910,1,BLUE ENCOUNT,gifted,,,,,,
,32923,2,BLUE ENCOUNT,gifted,,,,,,
,32939,1,Kroi,Water Carrier,Tempalay,ドライブ・マイ・イデア,,,,
,32967,1,亜咲花,SHINY DAYS,佐々木恵梨,ふゆびより,,,,
,32954,1,MIYAVI,Running In My Head,満島ひかり,ロゼ (Prod.TeddyLoid),,,,
,32980,1,亜咲花,Seize The Day,佐々木恵梨,はるのとなり,,,,
,33004,1,Machico,fantastic dreamer,アクア（CV：雨宮天）、めぐみん（CV：高橋李依）、ダクネス（CV：茅野愛衣）,ちいさな冒険者,,,,
,33015,1,Machico,TOMORROW,アクア（CV：雨宮天）、めぐみん（CV：高橋李依）、ダクネス（CV：茅野愛衣）,おうちに帰りたい,,,,
,33050,3,kobasolo feat.こぴ,心まかせ,田中梨瑚,Myr,,,,
,33273,1,bicaso feat. Gen Kakon,Dive Back In Time,bicaso feat. EAERAN,OverThink,,,,
,33355,1,シド,モノクロのキス,BECCA,I'm ALIVE!,,,,
,33355,2,シド,モノクロのキス,Kalafina,Lacrimosa,,,,
,33380,1,the GazettE,SHIVER,松下優也,Bird,,,,
,33380,2,the GazettE,SHIVER,Kalafina,輝く空の静寂には,,,,
,33493,1,LiSA,Rising Hope,ELISA,ミレナリオ,,,,
,33493,2,GARNiDELiA,grilletto,安田レイ,Mirror,,,,
,33520,1,ASCA,Howling,佐藤ミキ,名もない花,,,,
,33534,1,三月のパンタシア,101,フィロソフィーのダンス,ダブル・スタンダード,,,,
,33548,1,八木 海莉,Ripe Aster,,,,,,
,33657,1,Raon,Hey! Bread Barbershop,Seo DaRam,Supa Dupa,,,,
,33567,1,sweet ARMS,デート・ア・ライブ,野水いおり,SAVE THE WORLD,,,,
,33580,1,sweet ARMS,Trust in you,佐土原かおり,Day to Story,,,,
,33697,1,大原ゆい子,旅人の唄,大原ゆい子,オンリー,,,,
,33697,2,大原ゆい子,継承の唄,大原ゆい子,風と行く道,,,,
,33591,1,sweet ARMS,I swear,山崎エリイ,Last Promise,,,,
,33604,1,富田美憂,OveR,sweet ARMS,S.O.S,,,,
,33721,1,寺島拓篤,Nameless Story,TRUE,Another colony,,,,
,33721,2,寺島拓篤,メグルモノ,田所あずさ,リトルソルジャー,TRUE,僕の中の君へ,,
,33746,1,TRUE,Storyteller,STEREO DIVE FOUNDATION,STORYSEEKER,TRUE,黎明,,
,33746,2,MindaRyn,Like Flames,寺島拓篤,Reincarnate,,,,
,33771,1,TRUE,DREAM SOLISTER,北宇治カルテット,トゥッティ！,,,,
,33785,1,TRUE,サウンドスケープ,北宇治カルテット,ヴィヴァーチェ！,,,,
,33800,1,大島ミチル,Bon Bon Bon,大島ミチル,Tears in the sky,,,,
,33813,1,大島ミチル,Bon Bon Bon,大島ミチル,Tears in the sky,,,,
,33839,1,Eve,廻廻奇譚,ALI,LOST IN PARADISE feat.AKLO,,,,
,33839,2,Who-ya Extended,VIVID VICE,Cö shu Nie,give it back,,,,
,29409,2,マカロニえんぴつ,然らば,TOMOO,コントラスト,,,,
,32305,1,millennium parade × 椎名林檎,Ｗ●ＲＫ,Uru,紙一重,,,,
,33943,1,harmoe,旅しよ！don't  you？,Sizuk,bookmarks,,,,
,33956,1,坊ちゃん（CV. 花江夏樹）＆アリス（CV. 真野あゆみ）,満月とシルエットの夜,アリス（CV. 真野あゆみ）,夜想曲,,,,
,33969,1,BOYS AND MEN,進化理論,村上佳佑,Go One Step Ahead,,,,
,33969,2,BOYS AND MEN,進化理論,村上佳佑,Go One Step Ahead,,,,
,33969,3,BOYS AND MEN,進化理論,TETSUYA,I WANNA BE WITH YOU,,,,
,33969,4,BOYS AND MEN,進化理論,SILENT SIREN,Go Way!,,,,
,33969,5,BOYS AND MEN,進化理論,天月-あまつき-,STARTRAiN,,,,
,33969,6,BOYS AND MEN,進化理論,ベリーグッドマン,スタートライン,,,,
,34046,1,BOYS AND MEN,ニューチャレンジャー,森中花咲meets▽▲TRINITY▲▽,キズナ・レール,,,,
,34046,2,BOYS AND MEN,ニューチャレンジャー,浦島坂田船,駆け上がるボルテージ,,,,
,34046,3,BOYS AND MEN,ニューチャレンジャー,Luce Twinkle Wink☆,ターミナル～僕ら、あるべき場所～,,,,
,34046,4,BOYS AND MEN,ニューチャレンジャー,KOTOKO,Fastest !,,,,
,34089,1,AA=,FIGHT & PRIDE,AA=,CRY BOY,,,,
,34105,1,夢ノ咲ドリームスターズ,Stars' Ensemble!,Trickstar,1st SING-ALONG☆,UNDEAD,IMMORAL WORLD,,
,34105,2,Trickstar,キセキ,流星隊,メテオ・スクランブル☆流星隊！,Switch,"Magic for your ""Switch""",,
,34139,1,The Newton Brothers,"X-Men '97 Theme (From ""X-Men '97"")",,,,,,
,34170,1,Hot Wheels Let's Race,Hot Wheels Let's Race Theme Song,,,,,,
,34373,1,ZAQ,カーストルーム,Minami,Beautiful Soldier,,,,
,34386,1,ZAQ,Dance In The Game,渕上舞,人芝居,,,,
,32277,1,amazarashi,痛覚,シユイ,オーバーラップ,,,,
,34440,1,sajou no hana,修羅に堕として,鈴木このみ,白花,,,,
,34453,1,Nothing's Carved In Stone,Pride,石田匠,Voice of Soul,,,,
,34453,2,Nothing's Carved In Stone,Pride,若井友希,Destiny Sky,,,,
,34453,3,Nothing's Carved In Stone,Pride,蛇足,Never Ending,,,,
,34492,1,D☆DATE,GLORY DAYS,The Sketchbook,21,,,,
,34492,2,D☆DATE,GLORY DAYS,The Sketchbook,Exit,,,,
,34492,3,D☆DATE,GLORY DAYS,The Sketchbook,そこに君がいる,,,,
,34532,1,BiSH,TOMORROW,waterweed,Deep inside,,,,
,34532,2,BiSH,STACKiNG,鈴木瑛美子,King,,,,
,34559,1,SUIREN,黎-ray-,珀,眩耀,,,,
,34559,2,zonji,geki,みさき,Believe,,,,
,34627,1,,G.P.,フレディ・マーキュリー,The Great Pretender,,,,
,34656,1,Linked Horizon,紅蓮の弓矢,日笠陽子,美しき残酷な世界,,,,
,34656,2,Linked Horizon,自由の翼,cinema staff,great escape,,,,
,34682,1,Linked Horizon,心臓を捧げよ！,神聖かまってちゃん	,夕暮れの鳥,,,,
,34695,1,YOSHIKI feat. HYDE,Red Swan,Linked Horizon,暁の鎮魂歌,,,,
,34695,2,Linked Horizon,憧憬と屍の道,cinema staff,Name of Love,,,,
,34718,1,BURNOUT SYNDROMES,Good Morning World!,Rude-α,LIFE,,,,
,34718,2,PELICAN FANCLUB,三原色,佐伯ユウスケ,夢のような,,,,
,34743,1,フジファブリック,楽園,はてな,声？,,,,
,34755,1,BURNOUT SYNDROMES,Good Morning［New］World!,,,,,,
,34767,1,MADKID,RISE,藤川千愛,きみの名前,,,,
,34767,2,MADKID,FAITH,藤川千愛,あたしが隣にいるうちに,,,,
,34793,1,MADKID,Bring Back,藤川千愛,ゆずれない,,,,
,34807,1,DIALOGUE+,人生イージー？,DIALOGUE+,あやふわアスタリスク,,,,
,34833,1,中田花奈 feat. ぽんのみちオールスターズ,ポンポポポン,halca,Good Luck Waker,,,,
,34846,1,syudou,ギャンブル,Ezoshika Gourmet Club,ビューティフル・ドリーマー,,,,
,34859,1,ゆいにしお,息を吸う ここで吸う 生きてく,JYOCHO,みんなおなじ,,,,
,34901,1,ネクライトーキー,bloom,,,,,,
,34910,1,いきものがかり,熱情のスペクトラム,FLOW×GRANRODEO,7 -seven-,,,,
,34910,2,MAN WITH A MISSION,Seven Deadly Sins,瀧川ありさ,Season,,,,
,34935,1,FLOW×GRANRODEO,Howling,Anly,Beautiful,,,,
,34935,2,スカイピース,雨が降るから虹が出る,雨宮天,誓い,,,,
,34960,1,UVERworld,ROB THE FRONTIER,雨宮天,Regeneration,,,,
,34960,2,シド,delete,足立佳奈,Good day,,,,
,34985,1,岡野昭仁,光あれ,SawanoHiroyuki[nZk]:ReoNa,time,,,,
,34985,2,雨宮天,永遠のAria,UVERworld,NAMELY,,,,
,35010,1,MUCC,CLASSIC,瀧川ありさ,色褪せない瞳,,,,
,35016,1,JUNNA,Here,糸奇はな,環-cycle-,,,,
,35016,2,May'n,You,AIKI & AKINO from bless4,月のもう半分,,,,
,35041,1,JUNNA,Dear,edda,無伴奏,,,,
,35041,2,JUNNA,眠らされたリネージュ,Iruma Rioka,fam,,,,
IDを記載→,35066,1,Mili,Rightfully,そらる,銀の祈誓,,,,
,35081,1,スピラ・スピカ,燦々デイズ,あかせあかり,恋ノ行方,スピラ・スピカ,君に伝えたいことがあるんだ,,
,29261,2,yama✕WurtS,BURN,ざらめ,ただひとつ,,,,
,30369,1,前島麻由,True Peak,sajou no hana,THE IOLITE,,,,
,31745,1,亜咲花,GIVE & TAKE,キミのね,あいくらふと,,,,
,31646,1,,,紫雲寺家の子供たち,LIKE YOU o(>< = ><)o LOVE YOU？,,,,
,35148,1,ONE OK ROCK,Prove,aespa,ZOOM ZOOM,,,,
,35148,2,L'Arc〜en〜Ciel,YOU GOTTA RUN,Perfume,Cosmic Treat,,,,
,35220,1,マネスキン,THE LONELIEST,,,,,,
,35244,1,いろはにほへっと あやふぶみ,雨トキメキ恋模様,前田佳織里,キュンアピ,,,,
,35286,1,葛葉,Black Crack,Nornis,salvia,,,,
,35300,1,,,LIBERA,永遠の絆,,,,
,35306,1,WANIMA,夏暁,WANIMA,FLY & DIVE,,,,
,35314,1,藤川千愛,1000年愛,果歩,ゆるり,,,,
,35541,1,,,てにをは × AVTechNO! feat. 初音ミク,怪々絵巻,,,,
,35555,1,,,梨本うい,四十九日目,,,,
,35569,1,,,The Mirraz,なぁ？なぁ？なぁ？,,,,
,35583,1,,,焚吐,夢負い人,,,,
,35597,1,,,ヒグチアイ,やわらかい仮面,,,,
,35611,1,,,奥村愛子,まやかし横丁,,,,
,35625,1,,,betcover!!,決壊,,,,
,35639,1,,,imai,Twilight feat.Pecori,,,,
,35653,1,,,おかもとえみ,fall,,,,
,35667,1,,,忘れらんねえよ,くだらねえな,,,,
,35681,1,,,MOSHIMO,飴と鞭,,,,
,35696,1,(K)NoW_NAME,Welcome トゥ 混沌,(K)NoW_NAME,Who am I ?,,,,
,32524,1,HoneyWorks feat.ハコニワリリィ,質問、恋って何でしょうか?,立花日菜,Dear my Soleil,,,,
,35864,1,凛として時雨,狐独の才望,ao,kioku,,,,
,35878,1,ネクライトーキー,ふざけてないぜ,麻倉もも,ピンキーフック,,,,
,35891,1,765PRO ALLSTARS,READY!!,765PRO ALLSTARS,The world is all one !!（リミックス）,,,,
,35917,1,CINDERELLA PROJECT,Star!!,new generations,メッセージ,,,,
,35917,2,CINDERELLA PROJECT,Shine!!,INDERELLA PROJECT,夢色ハーモニー,,,,
,35943,1,橋本みゆき,微熱S.O.S!!,Snow*,悠久の旅人〜Dear Boy,,,,
,35970,1,Division All Stars,ヒプノシスマイク -Rhyme Anima-,Buster Bros!!!,絆 -IKEBUKURO ver.-,,,,
,35984,1,H-el-ical//,The Sacred Torch,やなぎなぎ,標火,,,,
,35997,1,ジャニーズWEST,スタートダッシュ！,大空翼（三瓶由布子）他,燃えてヒーロー,,,,
,36051,1,,,STU48,月と僕と新しい自分,,,,
,36221,1,神山羊,色香水,フレンズ,約束,,,,
,36235,1,the peggies,センチメートル,halca,告白バンジージャンプ,雨宮天,君を通して,,
,36248,1,CHiCO with HoneyWorks,ヒミツ恋ゴコロ,MIMiNARI,言えない feat.asmi,,,,
,36261,1,Poppin’Party,ときめきエクスペリエンス！,Poppin’Party,キラキラだとか夢だとか 〜Sing Girls〜,,,,
,36275,1,Poppin’Party,キズナミュージック♪,Roselia,BRAVE JEWEL,,,,
,36289,1,Poppin'Party,イニシャル,Poppin'Party,夢を撃ち抜く瞬間に！,,,,
,36303,1,,,香澄（愛美）×蘭（佐倉綾音）×彩（前島亜美）×友希那（相羽あいな）×こころ（伊藤美来）,ピコっと！パピっと!!ガルパ☆ピコ!!!,,,,
,36330,1,,,香澄（愛美）×蘭（佐倉綾音）×彩（前島亜美）×友希那（相羽あいな）×こころ（伊藤美来）,大盛り一丁！ガルパ☆ピコ,,,,
,36357,1,,,香澄（愛美）✕蘭（佐倉綾音）✕彩（前島亜美）✕友希那（相羽あいな）✕こころ（伊藤美来）✕ましろ（進藤あまね）✕レイヤ（Raychell）,ピコたるもの、ふぃーばー！,,,,
,36384,1,,,Morfonica,flame of hope -instrumental-,Morfonica,"寄る辺のSunny, Sunny",,
,36400,1,石原夏織,Paraglider,夏川愛華,#夢は短し恋せよ乙女,,,,
,36413,1,大橋彩香,ワガママMIRROR HEART,ChouCho,Elemental World,,,,
,36426,1,,,FRAM,シアン・イノセンス,,,,
,36440,1,STEREO DIVE FOUNDATION,RAYTRACER,ARCANA PROJECT,ユリイカ,,,,
,36440,2,ARCANA PROJECT,アイレ,STEREO DIVE FOUNDATION,Drifters,,,,
,36466,1,GRANRODEO,Treasure Pleasure,GENERATIONS from EXILE TRIBE,Unchained World,,,,
,36479,1,和楽器バンド,The Beast,UPSTART（花村想太・ヒカル）,WILDER,,,,
,36493,1,SKY-HI,Sarracenia,BE:FIRST,Salvia,,,,
,36509,1,栗林みな実,ZERO!!,nano.RIPE,月花,nano.RIPE,スターチャート,,
,36523,1,栗林みな実,WITH,堀内まり菜,水鏡の世界,,,,
,36536,1,nano.RIPE,光のない街,Liyuu,bloomin',,,,
,36563,1,B-PROJECT（キタコレ、THRIVE、MooNs）,鼓動*アンビシャス,キタコレ,星と月のセンテンス,,,,
,36576,1,B-PROJECT（キタコレ、THRIVE、MooNs、KiLLER KiNG）,絶頂*エモーション,B-PROJECT,光と影の時結ぶ,,,,
,36589,1,Ayumi.,Wonderful Rail,,,,,,
,36603,1,マキシマム ザ ホルモン,KAMIGAMI-神噛-,島爺,不可避,,,,
,36616,1,美波,ルードルーズダンス,小野正利,祈,,,,
,36633,1,coldrain,Bloody Power Fame,Tielle,BLESSLESS,,,,
,36658,1,coldrain,NEW DAWN,Tielle,La Muse perdue,,,,
,36683,1,,,子ザメちゃん(CV:花澤香菜),子ザメダンス,,,,
,36744,1,Neko Hacker,進め！むじなカンパニー feat. 六科なじむ（日高里菜） & 割戸真友（金元寿子） & 軽井沢ユキ（上坂すみれ） & 出稼ぎガルシア（金子彩花）,割戸真友（金元寿子） feat. 小岩井ことり,会社に帰ろう！,,,,
,36758,1,Blank paper,enemy,富金原佑菜,You're my perfect mirror,,,,
,36758,2,富金原佑菜,Overload,Natumi.,pARTs,,,,
,36796,1,MAN WITH A MISSION,Winding Road,THE SIXTH LIE,Hibana,,,,
,36809,1,さユり & MY FIRST STORY,レイメイ,eastern youth,時計台の鐘,,,,
,36822,1,FOMARE,Grey,THE SIXTH LIE,融雪,,,,
,36848,1,μ's,僕らは今のなかで,高坂穂乃果（新田恵海）、南ことり（内田彩）、園田海未（三森すずこ）,きっと青春が聞こえる,,,,
,36862,1,μ's,それは僕たちの奇跡,絢瀬絵里（南條愛乃）、東條希（楠田亜衣奈）、矢澤にこ（徳井青空）,どんなときもずっと,,,,
,36876,1,Liella!,START!! True dreams,Liella!,未来は風のように,,,,
,36889,1,Liella!,WE WILL!!,Liella!,追いかける夢の先で,,,,
,36902,1,Aqours,青空Jumping Heart,高海千歌（伊波杏樹）、桜内梨子（逢田梨香子）、渡辺曜（斉藤朱夏）,ユメ語るよりユメ歌おう,,,,
,36916,1,Aqours,未来の僕らは知ってるよ,高海千歌（伊波杏樹）、桜内梨子（逢田梨香子）、渡辺曜（斉藤朱夏）,勇気はどこに?君の胸に!,,,,
,36930,1,虹ヶ咲学園スクールアイドル同好会,虹色Passions!,虹ヶ咲学園スクールアイドル同好会,"NEO SKY, NEO MAP!",,,,
,36944,1,虹ヶ咲学園スクールアイドル同好会,Colorful Dreams! Colorful Smiles!,虹ヶ咲学園スクールアイドル同好会,夢が僕らの太陽さ,,,,
,36959,1,ICEx志賀李玖,理想郷,CENT（セントチヒロ・チッチ）,百日草,,,,
,36972,1,Kis-My-Ft2,Meramera,青木陽菜,天色,,,,
,36986,1,BAND-MAID,Zen,Sou,ただ、君のままで,,,,
,36999,1,広瀬香美,Venus Line,月詠み,ヨダカ,Luiza,HONEY DAYS (GONE TOO SOON),,
,37014,1,山田孝之,JUMP,,,,,,
,37039,1,OLDCODEX,Core Fade,Void_Chords,my ID,,,,
,37053,1,NOILION,3,Void_Chords,Transcending Time,,,,
,37060,1,NOILION × MIYAVI,RAYS,Void_Chords,AVIATION,,,,
,37073,1,A応P,Another World,エルゼ（内田真礼）、リンゼ（福緒唯）、八重（赤﨑千夏）、スゥシィ（山下七海）、ユミナ（高野麻里佳）、リーン（上坂すみれ）,純情エモーショナル,,,,
,37086,1,和氣あず未,イツカノキオク,ユナ（河瀬茉希）,あのね。,,,,
,37099,1,Yunomi,恋のうた（feat.由崎司）,カノエラナ,月と星空,田中マイミ,Miracle Shopping〜ドン・キホーテのテーマ〜,,
,37112,1,sumika,イコール,Little Glee Monster,君に届くまで,,,,
,37112,2,ポルノグラフィティ,VS,Qyoto,君に伝えたストーリー,,,,
,32081,1,HoneyWorks feat.ハコニワリリィ,質問、恋って何でしょうか?,立花日菜,Dear my Soleil,,,,
,37137,1,buzz★Vibes,Calling U,渕上舞,予測不能Days,,,,
,37152,1,森久保祥太郎,LIGHT of JUSTICE,渕上舞,操り人形クーデター,,,,
,37164,1,森久保祥太郎,MOTIVE RAIN,渕上舞,終焉のDestiny,,,,
,37178,1,フレデリック,蜃気楼,佐伯ユウスケ,One Way,,,,
,37178,2,BRADIO,ソウル・ギャラクシー,王道遊飛（声 - 熊谷俊輝）と王道遊歩（声 - 福島香々）,One Way -Fresh Pop Rearrange-,,,,
,37178,3,オーイシマサヨシ,デュエルしようぜ！,向井太一,Cosmos,,,,
,37178,4,,,175R,旅立ちの唄,,,,
,37178,5,,,七瀬彩夏,STAR RUSH,,,,
,37178,6,,,七瀬彩夏,サヨナラにはならない,,,,
,37325,1,TrySail,はなれない距離,ハコニワリリィ,キョリ感,,,,
,37394,1,内田雄馬,シンギュラリスト,Gran★MyStar（ベートーヴェン・モーツァルト・ショパン・リスト／CV：内田雄馬・伊東健人・安部 瞬・石毛翔弥）,BEYOND★CLASSIC,,,,
,37407,1,石井あみ・熊田茜音・吉武千颯,キミとアイドルプリキュア♪ Light Up!,キュアアイドル（松岡美里）・キュアウインク（髙橋ミナミ）・キュアキュンキュン（高森奈津美）,Trio Dreams,キュアアイドル（松岡美里）,笑顔のユニゾン♪,,
,37487,1,西川貴教,Eden through the rough,CHiCO with HoneyWorks,冒険のVLOG,,,,
,37487,2,L'Arc〜en〜Ciel,FOREVER,さユり,世界の秘密,,,,
,37639,1,SawanoHiroyuki[nZk]:Rei,INERTIA,SennaRin,KONTINUUM,澤野弘之,JEOPARDY,,
,37652,1,伊東歌詞太郎,ひなたの国,,,,,,
,37683,1,伊東歌詞太郎,猫猫日和,,,,,,
,37715,1,aiko,skirt,aiko,カプセル,,,,
,37729,1,チト（水瀬いのり）、ユーリ（久保ユリカ）,動く、動く,チト（水瀬いのり）、ユーリ（久保ユリカ）,More One Night,チト（水瀬いのり）、ユーリ（久保ユリカ）,雨だれの歌,,
,37773,1,オルケリア（プリンセス・リップル×プリンセス・ジール×プリンセス・ミーティア）,ゼッタイ歌姫宣言ッ！,オルケリア（プリンセス・リップル×プリンセス・ジール×プリンセス・ミーティア）,君とつなぐオーケストラ,,,,
,29546,2,オーイシマサヨシ,ギャンブリングホール,えなこ×草野華余子,Tumbling Dice,,,,
,37850,1,IDOLiSH7,WiSH VOYAGE,TRIGGER,Heavenly Visitor,,,,
,37868,1,IDOLiSH7,DiSCOVER THE FUTURE,Re:vale,ミライノーツを奏でて,,,,
,29888,2,梅田サイファー,OOKAMI,osage,フラグメント,,,,
,38199,1,A応P,はなまるぴっぴはよいこだけ,イヤミ feat.おそ松×カラ松×チョロ松×一松×十四松×トド松,SIX SAME FACES 〜今夜は最高!!!!!!〜,,,,
,38199,2,A応P,全力バタンキュー,トト子 feat.おそ松×カラ松×チョロ松×一松×十四松×トド松,SIX SHAME FACES 〜今夜も最高!!!!!!〜,,,,
,38119,1,ONE N' ONLY,Step Up,上月せれな,WINNING ROAD,,,,
,38119,2,ATEEZ,Limitless,MONOLITH,FLY AGAIN,,,,
,38148,1,影山ヒロノブ,Winner Win!,原因は自分にある。,放課後ギュッと,,,,
,38148,2,AXXX1S,Ability,上月せれな,BRAND NEW MOMENT,,,,
,38148,3,杉本琢弥,Believe it leap,ザアザア,ドロー,,,,
,38148,4,SAD originals.,戦いが消えた日,超学生,Abyss-Over,,,,
,38225,1,A応P,君氏危うくも近うよれ,ROOTS66 Party with 松野家6兄弟,レッツゴー!ムッツゴー! 〜6色の虹〜,,,,
,38225,2,A応P,まぼろしウインク,The おそ松さんズ with 松野家6兄弟,大人÷6×子供×6,,,,
,38335,1,ぐんまちゃん(CV:高橋花林)、あおま(CV:内田彩)、みーみ(CV:小倉唯),SWITCH！,今村麻莉愛（HKT48）,Happy,,,,
,38350,1,獅子神レオナ,Den of Daylight,ユプシロン,ドーン！,,,,
,38363,1,,,SawanoHiroyuki[nZk]:LiSA,narrative,mpi&Gemie,Vigilante,,
,38369,1,,,ヤネウラ書房,バズれ！ユーチューニャー！,,,,
,38251,1,A応P,nice to NEET you!,Shuta Sueyoshi with Totoko♡Nya & 松野家6兄弟,Max Charm Faces 〜彼女は最高♡♡!!!!!!〜,,,,
,38251,2,A応P,6つ子の魂ナユタまで,オムスビ with おそ松さんオールスターズ,Amazing Intelligence 〜クズは最高!!!!!!!!!!!!!♡♡△△〜,,,,
,38520,1,純情のアフィリア,究極アンバランス!,佐々木李子,Play the world,,,,
,38548,1,打首獄門同好会,シュフノミチ,打首獄門同好会,極・夫婦街道,今千秋,クライムキャッチポリキュア☆,,
,38559,1,打首獄門同好会,シュフノミチ,打首獄門同好会,極・夫婦街道,今千秋,クライムキャッチポリキュア☆,,
,38566,1,MADKID,Paranoid,JYOCHO,云う透り,,,,
,38580,1,Survive Said The Prophet,MUKANJYO,Aimer,Torches,,,,
,38580,2,MAN WITH A MISSION,Dark Crow,milet,Drown,,,,
,38605,1,Anonymouz,River,LMYK,Without Love,,,,
,38605,2,Survive Said The Prophet,Paradox,haju:harmonics,Ember,,,,
,38630,1,ラックライフ,Naru,ChouCho,オレンジ色,,,,
,38645,1,七尾旅人,ルパン三世主題歌II,SARM,かわいい男の子,,,,
,38709,1,前田佳織里,光ったコインが示す方,YABI×YABI,やっぱりエコノミー,,,,
,38723,1,竹達彩奈,明日のカタチ,Hakubi,Rewrite,,,,
,38748,1,THE HIGH-LOWS,胸がドキドキ,ZIGGY,STEP BY STEP,,,,
,38748,2,THE HIGH-LOWS,胸がドキドキ,ZIGGY,STEP BY STEP,,,,
,38748,3,THE HIGH-LOWS,胸がドキドキ,heath,迷宮のラヴァーズ,,,,
,38748,4,VELVET GARDEN,Feel Your Heart,heath,迷宮のラヴァーズ,,,,
,38791,1,VELVET GARDEN,Feel Your Heart,heath,迷宮のラヴァーズ,,,,
,38791,2,小松未歩,謎,宇徳敬子,光と影のロマン,,,,
,38791,3,小松未歩,謎,宇徳敬子,光と影のロマン,,,,
,38791,4,小松未歩,謎,DEEN,君がいない夏,,,,
,38835,1,小松未歩,謎,小松未歩,願い事ひとつだけ,,,,
,38835,2,ZARD,運命のルーレット廻して,小松未歩,願い事ひとつだけ,,,,
,38835,3,ZARD,運命のルーレット廻して,小松未歩,氷の上に立つように,,,,
,38835,4,ZARD,運命のルーレット廻して,小松未歩,氷の上に立つように,,,,
,38879,1,TWO-MIX,TRUTH ～A Great Detective of Love～,rumania montevideo,Still for your love,,,,
,38879,2,TWO-MIX,TRUTH ～A Great Detective of Love～,WAG,Free Magic,,,,
,38879,3,B’z,ギリギリchop,WAG,Free Magic,,,,
,38879,4,B’z,ギリギリchop,WAG,Free Magic,,,,
,38925,1,GARNET CROW,Mysterious Eyes,WAG,Free Magic,,,,
,38925,2,GARNET CROW,Mysterious Eyes,倉木麻衣,Secret of my heart,,,,
,38925,3,GARNET CROW,Mysterious Eyes,倉木麻衣,Secret of my heart,,,,
,38925,4,愛内里菜,恋はスリル、ショック、サスペンス,GARNET CROW,夏の幻,,,,
,38971,1,愛内里菜,恋はスリル、ショック、サスペンス,倉木麻衣,Start in my life,,,,
,38971,2,松橋美樹,destiny,倉木麻衣,always,,,,
,38971,3,松橋美樹,destiny,上原あずみ,青い青いこの地球に,,,,
,38971,4,松橋美樹,destiny,上原あずみ,青い青いこの地球に,,,,
,39016,1,倉木麻衣,Winter Bells,GARNET CROW,夢みたあとで,,,,
,39016,2,愛内里菜,I can’t stop my love for you♥,GARNET CROW,夢みたあとで,,,,
,39016,3,愛内里菜,I can’t stop my love for you♥,上原あずみ,無色,,,,
,39016,4,愛内里菜,I can’t stop my love for you♥,稲葉浩志,Overture,,,,
,39058,1,倉木麻衣,風のららら,ZARD,明日を夢見て,,,,
,39058,2,倉木麻衣,風のららら,ZARD,明日を夢見て,,,,
,39058,3,倉木麻衣,風のららら,GARNET CROW,君という光,,,,
,39058,4,三枝夕夏 IN db,君と約束した優しいあの場所まで,GARNET CROW,君という光,,,,
,39100,1,三枝夕夏 IN db,君と約束した優しいあの場所まで,三枝夕夏 IN db,眠る君の横顔に微笑みを,,,,
,39100,2,愛内里菜,START,三枝夕夏 IN db,眠る君の横顔に微笑みを,,,,
,39100,3,愛内里菜,START,三枝夕夏 IN db,眠る君の横顔に微笑みを,,,,
,39100,4,愛内里菜,START,GARNET CROW,忘れ咲き,,,,
,39140,1,愛内里菜,START,GARNET CROW,忘れ咲き,,,,
,39140,2,ZARD,星のかがやきよ,三枝夕夏 IN db,ジューンブライド ～あなたしか見えない～,,,,
,39140,3,ZARD,星のかがやきよ,竹井詩織里,世界 止めて,,,,
,39140,4,倉木麻衣,Growing of my heart,岩田さゆり,Thank You For Everything,,,,
,39182,1,B’z,衝動,ZARD,悲しいほど貴方が好き,,,,
,39182,2,B’z,衝動,上木彩矢,もう君だけを離したりはしない,,,,
,39182,3,愛内里菜＆三枝夕夏,100もの扉,上木彩矢,もう君だけを離したりはしない,,,,
,39182,4,愛内里菜＆三枝夕夏,100もの扉,上木彩矢,もう君だけを離したりはしない,,,,
,39218,1,三枝夕夏 IN db,雲に乗って,倉木麻衣,白い雪,,,,
,39218,2,三枝夕夏 IN db,雲に乗って,倉木麻衣,白い雪,,,,
,39218,3,GARNET CROW,涙のイエスタデー,滴草由実,I still believe ～ため息～,,,,
,39218,4,ZARD,グロリアス マインド,GARNET CROW,世界はまわると言うけれど,,,,
,39250,1,ZARD,愛は暗闇の中で,三枝夕夏 IN db,雪どけのあの川の流れのように,,,,
,39250,2,ZARD,愛は暗闇の中で,三枝夕夏 IN db,雪どけのあの川の流れのように,,,,
,39250,3,倉木麻衣,一秒ごとに Love for you,上木彩矢,Summer Memories,,,,
,39250,4,Naifu,Mysterious,滴草由実,GO YOUR OWN WAY,,,,
,39281,1,倉木麻衣,Revive,Naifu,恋心 輝きながら,,,,
,39281,2,BREAKERZ,Everlasting Luv,GARNET CROW,Doing all right,,,,
,39281,3,BREAKERZ,Everlasting Luv,BREAKERS,光,,,,
,39281,4,愛内里菜,MAGIC,BREAKERS,光,,,,
,39323,1,愛内里菜,MAGIC,Hundred Percent Free,Hello Mr. my yesterday,,,,
,39323,2,GARNET CROW,As the Dew,Hundred Percent Free,Hello Mr. my yesterday,,,,
,39323,3,GARNET CROW,As the Dew,Hundred Percent Free,Hello Mr. my yesterday,,,,
,39323,4,倉木麻衣,SUMMER TIME GONE,倉木麻衣,Tomorrow is the last Time,,,,
,39924,1,福山潤,DIES IN NO TIME,TRD（トラッド）,Strangers,ういにゃす,ヴァモネさんのテーマ,,
,39948,1,キヨ,有頂天猫,,,,,,
,39960,1,原由子,ぐでたま行進曲,,,,,,
,39971,1,嘘とカメレオン,モノノケ・イン・ザ・フィクション,宮野真守,LAST DANCE,七瀬かりん（上坂すみれ）,火炎放射器とわたし,,
,39364,1,Caos Caos Caos,tear drops,Hundred Percent Free（100％FREE）,十五夜クライシス ～君に逢いたい～,,,,
,39364,2,B’z,Don’t Wann Lie,BREAKERS,月夜の悪戯の魔法,,,,
,39364,3,GARNET CROW,Misty Mystery,B’z,ピルグリム,,,,
,39364,4,GARNET CROW,Misty Mystery,倉木麻衣,Your Best Friend,,,,
,39405,1,BREAKERZ,Miss Mystery,grram,悲しいほど 今日の夕陽 きれいだね,,,,
,39405,2,BREAKERZ,Miss Mystery,BREAKERS,オーバーライト,,,,
,39405,3,BREAKERZ,Miss Mystery,BREAKERS,オーバーライト,,,,
,39405,4,なついろ,君の涙にこんなに恋してる,倉木麻衣,恋に恋して,,,,
,39445,1,倉木麻衣,TRY AGAIN,倉木麻衣,恋に恋して,,,,
,39445,2,B’z,Q&A,BOYFRIEND,瞳のメロディ,,,,
,39445,3,B’z,Q&A,Chicago Poodle,君の笑顔がなによりも好きだった,,,,
,39445,4,VALSHE,Butterfly Core,Chicago Poodle,君の笑顔がなによりも好きだった,,,,
,39489,1,VALSHE,Butterfly Core,DAIGO,いま逢いたくて…,,,,
,39489,2,VALSHE,Butterfly Core,AKIHIDE,RAIN MAN,,,,
,39489,3,KNOCK OUT MONKEY,Greed,倉木麻衣,無敵なハート,,,,
,39489,4,倉木麻衣,DYNAMITE,倉木麻衣,無敵なハート,,,,
,39529,1,倉木麻衣,DYNAMITE,VALSHE,君への噓,,,,
,39529,2,BREAKERZ,WE GO,VALSHE,君への噓,,,,
,39529,3,BREAKERZ,WE GO,VALSHE,君への噓,,,,
,39529,4,La PomPon,謎,VALSHE,君への噓,,,,
,39571,1,稲葉浩志,羽,La PomPon,運命のルーレット廻して,,,,
,39571,2,B’z,世界はあなたの色になる,焚吐,ふたりの秒針,,,,
,39571,3,B’z,世界はあなたの色になる,倉木麻衣,SAWAGE☆LIFE,,,,
,39571,4,B’z,世界はあなたの色になる,倉木麻衣,SAWAGE☆LIFE,,,,
,39613,1,BREAKERZ,幾千の迷宮で 幾千の謎を解いて,倉木麻衣,YESTERDAY LOVE,,,,
,39613,2,BREAKERZ,幾千の迷宮で 幾千の謎を解いて,倉木麻衣,YESTERDAY LOVE,,,,
,39613,3,大黒摩季,"Lie,Lie,Lie",BREAKERS,夢物語,,,,
,39613,4,大黒摩季,"Lie,Lie,Lie",倉木麻衣,渡月橋 ～君 想ふ～,,,,
,39656,1,Cellchrome,Everything OK!!,焚吐×みやかわくん,神風エクスプレス,,,,
,39656,2,Cellchrome,Everything OK!!,焚吐×みやかわくん,神風エクスプレス,,,,
,39656,3,NormCore,カウントダウン,First place,さだめ,,,,
,39656,4,dps,タイムライン,Cellchrome,Aozolighter,,,,
,39697,1,倉木麻衣,薔薇色の人生,倉木麻衣,きみと恋のままで終われない いつも夢のままじゃいられない,,,,
,39697,2,倉木麻衣,薔薇色の人生,倉木麻衣,きみと恋のままで終われない いつも夢のままじゃいられない,,,,
,39697,3,Only this time,ANSWER,倉木麻衣,きみと恋のままで終われない いつも夢のままじゃいられない,,,,
,39697,4,Only this time,ANSWER,宮川愛李,Sissy Sky,,,,
,39736,1,WANDS,真っ赤なLip,SARD UNDERGROUND,少しづつ 少しづつ,,,,
,39736,2,WANDS,真っ赤なLip,SARD UNDERGROUND,少しづつ 少しづつ,,,,
,39736,3,WANDS,真っ赤なLip,all at once,星合,,,,
,39736,4,all at once,JUST BELIEVE YOU,all at once,星合,,,,
,39765,1,all at once,JUST BELIEVE YOU,宮川愛李,Reboot,,,,
,39765,2,倉木麻衣,ZEROからハジメテ,宮川愛李,Reboot,,,,
,39765,3,倉木麻衣,ZEROからハジメテ,宮川愛李,Reboot,,,,
,39765,4,WANDS,YURA YURA,倉木麻衣,ベロニカ,,,,
,39806,1,B’z,SLEEPLESS,BREAKERZ,SWEET MOONLIGHT,,,,
,39806,2,B’z,SLEEPLESS,SARD UNDERGROUND,空っぽの心,,,,
,39806,3,大黒摩季,SPARKLE,SARD UNDERGROUND,空っぽの心,,,,
,39806,4,大黒摩季,SPARKLE,all at once,プレイメーカー feat.大野雄大（from Da-iCE）,,,,
,39842,1,大黒摩季,SPARKLE,all at once,プレイメーカー feat.大野雄大（from Da-iCE）,,,,
,39842,2,WANDS,RAISE INSIGHT,クウフク（starring VALSHE）,今夜、あの街から,,,,
,39842,3,WANDS,RAISE INSIGHT,Rainy。,…and Rescue Me,,,,
,39842,4,倉木麻衣,Unraveling Love 〜少しの勇気〜,Rainy。,…and Rescue Me,,,,
,39884,1,倉木麻衣,Unraveling Love 〜少しの勇気〜,倉木麻衣,Y☺︎u & I,,,,
,39884,2,倉木麻衣,Unraveling Love 〜少しの勇気〜,倉木麻衣,Y☺︎u & I,,,,
,39884,3,倉木麻衣,Unraveling Love 〜少しの勇気〜,SARD UNDERGROUND,夢で逢いましょう,,,,
,39884,4,倉木麻衣,Unraveling Love 〜少しの勇気〜,SARD UNDERGROUND,夢で逢いましょう,,,,
,39984,1,南條愛乃,EVOLUTiON：,Poppin'Party,Moonlight Walk,,,,
,39997,1,上坂すみれ,EASY LOVE,長瀞さん（上坂すみれ）、ガモちゃん（小松未可子）、ヨッシー（鈴木愛奈）、桜（井澤詩織）,カラフル・キャンバス,,,,
,40010,1,高崎三奈美（北見六花）,カフェラテ恋ゴコロ,,,,,,
,40019,1,［Alexandros］,閃光,,,,,,
,40024,1,,,かずき山盛り,怪獣ファイヤ,,,,
,40039,1,ATEEZ,Like That,,,,,,
,40048,1,松本梨香,めざせポケモンマスター,ひゃくごじゅういち,オーキド博士（石塚運昇）とポケモンキッズ	,,,,
,40337,1,Happy Around!,ぐるぐるDJ TURN!!,天野愛莉（CV：水樹奈々）、姫神紗乃（CV：Raychell）,WOW WAR TONIGHT～時には起こせよムーヴメント～,,,,
,40130,1,ライバル！,松本梨香,タイプ：ワイルド,松本梨香,,,,
,40359,1,Argonavis feat. 旭 那由多 from GYROAXIA,BLACK&WHITE,Call of Artemis 【天野愛莉（CV.水樹奈々）、姫神紗乃（CV.Raychell）、嘉瀬茉奈（CV.小宮有紗）、高尾灯佳（CV.梅村妃奈子）】,Do the Dive,,,,
,40167,1,Whiteberry,めざせポケモンマスター,愛河里花子,ポケモンはらはらリレー,,,,
,40589,1,,,THE BOYZ,Here is,THE BOYZ,Take Me Back,,
,40373,1,GARDEN,アドバンス・アドベンチャー 〜Advance Adventure〜,江崎とし子,そこに空があるから,,,,
,40373,2,髙屋亜希那,バトルフロンティア,金沢明子,ポケモンかぞえうた,,,,
,40614,1,,,ギラ・ジルカ,白い部屋,I.C.I aka 市川愛,あなたのお相手,,
,40618,1,あきよしふみえ,Together,グリン,君のそばで 〜ヒカリのテーマ〜,,,,
,28998,1,福山 潤,君としか恋しない,DIALOGUE＋,アリバイなカーテシー,,,,
,40810,1,松本梨香,ベストウイッシュ!,奥井亜紀,心のファンファーレ,,,,
,40895,1,松本梨香,やじるしになって!,ももいろクローバーZ,みてみて☆こっちっち,,,,
,40955,1,遊助,V,J☆Dee'Z,X海峡Y景色,,,,
,41069,1,,,ano,普変,,,,
,41091,1,,,ano,普変,,,,
,41111,1,サトシ（松本梨香）,XY&Z,ユリーカ（伊瀬茉莉也）,プニちゃんのうた,,,,
,41161,1,サトシ（松本梨香） with ピカチュウ（大谷育江）,アローラ!!,岡崎体育,ポーズ,,,,
,41308,1,After the Rain,1・2・3,ポケモン音楽クラブ,ポケモンしりとり,,,,
,41445,1,サトシ（松本梨香）,めざせポケモンマスター -with my friends-,ひゃくごじゅういち,石塚運昇,,,,
,30327,1,米津玄師,BOW AND ARROW,ねぐせ。,アタシのドレス,,,,
,31185,1,ALI,CASANOVA POSSE,BREIMEN,Rolling Stone,,,,
,30452,1,INI,Make It Count,マルシィ,願いごと,,,,
,41458,1,湘南乃風,Grand Blue,伊豆乃風,紺碧のアル・フィーネ,,,,
,30240,1,Mili,Year N,LIP×LIP（勇次郎・愛蔵／CV：内山昂輝・島﨑信長）,僕らは愛に恋して生きる,,,,
,30300,1,saji,Wonderlust!!,岡咲美保,JOY!!,,,,
,41601,1,ulma sound junction,AXCLUSION,,,,,,
,41654,1,HACHI,Dusk,,,,,,
,41682,1,Anthos,Clockwork Flowers,Anthos,Fall leaves after leaves fall,,,,
,30131,1,りりあ。,幸せな約束。,伊東歌詞太郎,月影おくり,,,,
,30480,1,lol,POP UP!,FANTASTICS,ポケット,,,,
,31414,1,上杉真央,ゼロ・イグニッション,南條 愛乃,ダンデライオン,,,,
,41988,1,,,宇宙制服（本渡楓、ファイルーズあい、田所あずさ、和氣あず未）,絶対宇宙スタンダード,,,,
,42066,1,Franz Ferdinand,This Fffire,Dawid Podsiadło,Let You Down,Rosa Walton,I Really Want to Stay At Your House,,
,42273,1,ポルノグラフィティ,THE DAY,Brian the Sun,HEROES,,,,
,42287,1,米津玄師,ピースサイン,Little Glee Monster,だから、ひとりじゃない,,,,
,42287,2,amazarashi,空に歌えば,LiSA,だってアタシのヒーロー。,,,,
,42313,1,UVERworld,ODD FUTURE,miwa,アップデート,,,,
,42313,2,Lenny code fiction,Make my story,菅田将暉,ロングホープ・フィリア＜TV Limited＞,,,,
,42339,1,BLUE ENCOUNT,ポラリス,さユり,航海の唄,,,,
,42339,2,KANA-BOON,スターマーカー,緑黄色社会,Shout Baby,,,,
,42390,1,DISH//,No.1,the peggies,足跡,,,,
,42390,2,MAN WITH A MISSION,Merry-Go-Round,崎山蒼志,嘘じゃない,,,,
,42078,1,富永TOMMY弘明,ジョジョ 〜その血の運命〜,YES,ROUNDABOUT,,,,
,42078,2,Coda,BLOODY STREAM,YES,ROUNDABOUT,,,,
,42105,1,橋本仁,STAND PROUD,The Bangles,Walk Like an Egyptian,,,,
,42105,2,"JO☆STARS〜TOMMY,Coda,JIN〜",ジョジョ その血の記憶〜end of THE WORLD〜,Pat Metheny Group,Last Train Home,,,,
,42154,1,THE DU,Crazy Noisy Bizarre Town,Savage Garden,I Want You,,,,
,42154,2,batta,Great Days,Savage Garden,I Want You,,,,
,42194,1,Coda,Fighting Gold,Jodeci,Freek'n You,,,,
,42194,2,ハセガワダイスケ,裏切り者のレクイエム,Enigma,Modern Crusaders,,,,
,42234,1,ichigo from 岸田教団&THE明星ロケッツ,STONE OCEAN,Duffy,Distant Dreamer,,,,
,42234,3,sana (sajou no hana),Heaven's falling down,Duffy,Distant Dreamer,,,,
,42392,1,ASIAN KUNG-FU GENERATION,「出町柳パラレルユニバース」,,,,,,
,42400,1,YURiKA,ROMA☆KiRA,リリ（小松未可子）,Romantic Love〜恋愛しませんか?☆〜,,,,
,42427,1,MOB CHOIR,99,ALL OFF,リフレインボーイ,,,,
,42440,1,MOB CHOIR feat. sajou no hana,99.9,sajou no hana,グレイ,,,,
,42454,1,新浜レオン,捕まえて、今夜。,倉木麻衣,"Secret, voice of my heart",,,,
,42468,1,,,あおい（井口裕香）とひなた（阿澄佳奈）,スタッカート・デイズ,,,,
,42481,1,あおい（井口裕香）、ひなた（阿澄佳奈）、かえで（日笠陽子）、ここな（小倉唯）,夏色プレゼント,小倉唯,Tinkling Smile,,,,
,42481,2,あおい（井口裕香）、ひなた（阿澄佳奈）,毎日コハルビヨリ,鳴海杏子,Cocoiro Rainbow,,,,
,42506,1,あおい（井口裕香）、ひなた（阿澄佳奈）、かえで（日笠陽子）、ここな（小倉唯）,地平線ストライド,あおい（井口裕香）、ひなた（阿澄佳奈）,色違いの翼,,,,
,42520,1,あおい（井口裕香）、ひなた（阿澄佳奈）,想いのち晴れ,あおい（井口裕香）、ひなた（阿澄佳奈）,扉を開けてベルを鳴らそう,,,,
,42533,1,DA PUMP,Magical Babyrinth,芹澤優,デビきゅー,,,,
,42557,1,DA PUMP,No! No! Satisfaction!,天月-あまつき-,ココロショータイム,,,,
,42580,1,井口裕香,Prologue,伊東歌詞太郎,革表紙,,,,
,42594,1,鹿乃と宇崎ちゃん（大空直美）,なだめスかし Negotiation,YuNi,ココロノック,,,,
,42607,1,鹿乃と宇崎ちゃん（大空直美）,いちごいちえ Celebration,MKLNtic,はっぴーらいふ,,,,
,42621,1,UNISON SQUARE GARDEN,オリオンをなぞる,藍坊主,星のすみか,,,,
,42621,2,NOVELS,ミッシングリンク,珠妃,マインドゲーム,,,,
,42647,1,ROOKiEZ is PUNK'D,リクライム,アンダーグラフ,風を呼べ,,,,
,42647,2,DIRTY OLD MEN,弱虫な炎,AUTRIBE feat.DIRTY OLD MEN,I'm Ready,,,,
,42647,3,チーム総北［小野田坂道（山下大輝）、今泉俊輔（鳥海浩輔）、鳴子章吉（福島潤）、金城真護（安元洋貴）、巻島裕介（森久保祥太郎）、田所迅（伊藤健太郎）］,Be As One,チーム箱根学園［福富寿一（前野智昭）、真波山岳（代永翼）、東堂尽八（柿原徹也）、新開隼人（日野聡）、荒北靖友（吉野裕行）、泉田塔一郎（阿部敦）］,Glory Road,,,,
,42686,1,LASTGASP,Determination,ROOKiEZ is PUNK'D,リアライズ,,,,
,42686,2,ROOKiEZ is PUNK'D,リマインド,MAGIC OF LiFE,栄光への一秒,,,,
,42711,1,夏代孝明,ケイデンス,佐伯ユウスケ,ナウオアネバー,,,,
,42711,2,夏代孝明,トランジット,佐伯ユウスケ,タカイトコロ,,,,
,42737,1,Rhythmic Toy World,僕の声,THE HIGH CADENCE［小野田坂道（山下大輝）、今泉俊輔（鳥海浩輔）、鳴子章吉（福島潤）、手嶋純太（岸尾だいすけ）、青八木一（松岡禎丞）、鏑木一差（下野紘）］,Carry the Hope,,,,
,42737,2,宮崎誠,ダンシング,ROUTE85［真波山岳（代永翼）、泉田塔一郎（阿部敦）、黒田雪成（野島健児）、葦木場拓斗（宮野真守）、銅橋正清（小野大輔）、新開悠人（内田雄馬）］,Over the Limit,,,,
,42764,1,鈴木このみ,Love? Reason why!!,和泉沢愛生(CV.伊藤美来）、アメリア・アーヴィング（CV.竹達彩奈）、イリヤ・イリューヒン（CV.高橋李依）、バイ・モンファ（CV.金元寿子）、カリン・イステル（CV.高野麻里佳）,Flop Around,,,,
,31877,1,牧島 輝,Cuz I,内田 彩,Explosive Heart,隆成,さぁいこう！キズナファイブ,,
,42786,1,,,Hilcrhyme,千夜一夜 feat. 仲宗根泉 (HY),,,,
,42811,1,ドロップスターズ［星降そそぐ（小倉唯）、月野しずく（水瀬いのり）、夕陽ころな（上坂すみれ）］,Twinkling star,ポプ子、ピピ美,POPPY PAPPY DAY,上坂すみれ,POP TEAM EPIC,,
,42825,1,早見沙織,Tear of Will,早見沙織,Song of Mana -The Teardrop Crystal-,,,,
,42857,1,佐咲紗花,Never the Fever!!,栗林みな実,シュガー･シュガー･スパイス,,,,
,42889,1,NANO,CATASTROPHE,Lowland Jazz,BAD CITY（BUG HUMAN）,,,,
,42902,1,V.W.P,輪廻,STEREO DIVE FOUNDATION,TRISTAR,,,,
,42936,1,ずま（虹色侍）,MUSASHI,マナ,滅亡世界のバラッド,星野あおい（悠木碧） with スターフィールド,星の海のラウドネス,,
,42998,1,安月名莉子,知らなきゃ,nonoc,Change,,,,
,42950,1,LiSA,紅蓮華,FictionJunction feat. LiSA,from the edge,椎名豪 featuring 中川奈美,竈門炭治郎のうた,,
,42977,1,LiSA,明け星,LiSA,白銀,LiSA,炎,,
,42985,1,Aimer,残響散歌,Aimer,朝が来る,,,,
,43013,1,羊文学,光るとき,agraph feat.ANI（スチャダラパー）,unified perspective,,,,
,43040,1,蠟梅学園中等部1年3組,はじまりのセツナ,明日小路(CV.村上まなつ),Baton,明日小路(CV:村上まなつ),風にまかせて,,
,43026,1,ミラクルチンパンジー,瞬き,佐々木秀鳴（白井悠介）と宮野由美（斉藤壮馬）,いちごサンセット,,,,
,43054,1,春猿火,Oarana,,,,,,
,43061,1,Void_Chords feat.LIO,FLARE,DracoVirgo,ハジメノウタ,,,,
,43075,1,MindaRyn,Daylight,FantasticYouth,外道讃歌,,,,
,43103,1,大原ゆい子,言わないけどね。,高木さん（高橋李依）,気まぐれロマンティック,,,,
,43117,1,大原ゆい子,ゼロセンチメートル,高木さん（高橋李依）,奏（かなで）,,,,
,43130,1,大原ゆい子,まっすぐ,高木さん（高橋李依）,夢で逢えたら,,,,
,43089,1,増田俊樹,Midnight Dancer,小林愛香,マコトピリオド,,,,
,43144,1,Survive Said The Prophet,Papersky,蒼生シュウタ（榎木淳弥）、朱城ラン（内田雄馬）、翠堂コウキ（石川界人）,"255,255,255",Survive Said The Prophet,Find You,,
,43157,1,ニノミヤユイ,つらぬいて憂鬱,Hilcrhyme,ヨリドコロ,Shusei's Project,Ti amo,,
,43184,1,AKINO from bless4,海色,西沢幸奏,吹雪,金剛型四姉妹（金剛・比叡・榛名・霧島）,進め！金剛型四姉妹,,
,43171,1,やなぎなぎ×THE SIXTH LIE,LEVEL,南條愛乃,ヒトリとキミと,,,,
,43238,1,Novelbright,The Warrior,まふまふ,二千五百万分の一,,,,
,43269,1,弓木英梨乃,ボーン！ボーン！ボーン！,,,,,,
,43296,1,弓木英梨乃,ボーン！ボーン！ボーン！,,,,,,
,43324,1,ササノマリイ,空と虚,LMYK,0 (zero),,,,
,43324,2,Little Glee Monster,Your Name,モノンクル,salvation,,,,
,30341,1,HY,大大大好き,ひーなー（鬼頭明里）&かーなー（ファイルーズあい）,島人ぬ宝,ひーなー（鬼頭明里）&かーなー（ファイルーズあい）,あなたに,,
,43349,1,スペシャルウィーク(CV.和氣あず未)、サイレンススズカ(CV.高野麻里佳)、トウカイテイオー(CV.Machico)、ウオッカ(CV.大橋彩香)、ダイワスカーレット(CV.木村千咲)、ゴールドシップ(CV.上田瞳)、メジロマックイーン(CV.大西沙織),Make debut!,スペシャルウィーク(CV.和氣あず未)、サイレンススズカ(CV.高野麻里佳)、トウカイテイオー(CV.Machico)、ウオッカ(CV.大橋彩香)、ダイワスカーレット(CV.木村千咲)、ゴールドシップ(CV.上田瞳)、メジロマックイーン(CV.大西沙織),グロウアップ・シャイン！,,,,
,43363,1,スペシャルウィーク(CV.和氣あず未)、サイレンススズカ(CV.高野麻里佳)、トウカイテイオー(CV.Machico)、ウオッカ(CV.大橋彩香)、ダイワスカーレット(CV.木村千咲)、ゴールドシップ(CV.上田 瞳)、メジロマックイーン(CV.大西沙織),ユメヲカケル！,トウカイテイオー(CV.Machico)、メジロマックイーン(CV.大西沙織),木漏れ日のエール,,,,
,43377,1,,,スペシャルウィーク（和氣あず未）、セイウンスカイ（鬼頭明里）、キングヘイロー（佐伯伊織）、エルコンドルパサー（高橋未奈美）、グラスワンダー（前田玲奈）,ぴょいっと♪はれるや！,トウカイテイオー（Machico）、シンボリルドルフ（田所あずさ）、エアグルーヴ（青木瑠璃子）、フジキセキ（松井恵理子）、ヒシアマゾン（巽悠衣子）,Ring Ring ダイアリー,,
,43390,1,ナリタトップロード (CV.中村カンナ)、アドマイヤベガ (CV.咲々木瞳)、テイエムオペラオー (CV.徳井青空),Glorious Moment！,,,,,,
,43396,1,,,LMYK,Unity,,,,
,43402,1,CIVILIAN,千夜想歌,Aimer,季路,,,,
,43402,2,CIVILIAN,導,Aimer,cold rain,,,,
,43427,1,,,藤城リエ,トライアングル・メモリー,,,,
,43440,1,田村好,しょこらてぃっく♡にょたぼく,,,,,,
,44295,1,SPYAIR,イマジネーション,NICO Touches the Walls,天地ガエシ,,,,
,44295,2,スキマスイッチ,Ah Yeah!!,tacica,LEO,,,,
,44321,1,SPYAIR,アイム・ア・ビリーバー,Galileo Galilei,クライマー,,,,
,44321,2,BURNOUT SYNDROMES,FLY HIGH!!,tacica,発熱,,,,
,44347,1,BURNOUT SYNDROMES,ヒカリアレ,NICO Touches the Walls,マシ・マシ,,,,
,44358,1,BURNOUT SYNDROMES,PHOENIX,CHiCO with HoneyWorks,決戦スピリット,,,,
,44358,2,SUPER BEAVER,突破口,SPYAIR,One Day,,,,
,44462,1,ボーニャン（水樹奈々）,おばけずかんのうた 〜いつでも どこでも〜,,,水樹奈々,おばけずかんのうた,,
,44646,1,OxT,Clattanoia,MYTH & ROID,L.L.L.,,,,
,44660,1,OxT,GO CRY GO,MYTH & ROID,HYDRA,,,,
,44674,1,MYTH & ROID,VORACITY,OxT,Silent Solitude,,,,
,44688,1,OxT,HOLLOW HUNGER,前島麻由,No Man’s Dawn,,,,
,44702,1,岩崎太整,Seeking the Truth feat. YAHZARAH,岩崎太整,Ancient Creations feat. Shing02,,,,
,44711,1,タケヤキ翔,未来のヒーローたちへ,渋谷ハル,かえりみちの色,,,,
,44725,1,末廣健一郎,a hollow shadow,ReoNa,ないない,萩森英明,私の完璧な世界,,
,44739,1,ReoNa,シャル・ウィ・ダンス？,ClariS,Masquerade,,,,
,44631,1,ClariS,ALIVE,さユり,花の塔,,,,
,44753,1,リコ（富田美憂）、レグ（伊瀬茉莉也）,Deep in Abyss,リコ（富田美憂）、レグ（伊瀬茉莉也）、ナナチ（井澤詩織）,旅の左手、最果ての右手,,,,
,44767,1,安月名莉子,かたち,MYTH & ROID,Endless Embrace,Arnór Dan,GRAVITY,,
,44781,1,DIALOGUE＋,デネブとスピカ,harmoe,ふたりピノキオ,,,,
,44795,1,前島麻由,story,井口裕香,一番星ソノリティ,メイベル（悠木碧）,みっつの祠の民謡,,
,44810,1,Creepy Nuts,堕天,Creepy Nuts,よふかしのうた,Creepy Nuts,ロスタイム,,
,44838,1,米津玄師,Plazma,,,,,,
,44851,1,邪神★ガールズ,あの娘にドロップキック,三浦祐太朗,Home Sweet Home!,,,,
,44864,1,halca,時としてバイオレンス,ZAMB,Love Satisfaction,,,,
,44877,1,halca,あれこれドラスティック feat.鈴木愛奈,,花譜と可不,流線形メーデー,,,
,44891,1,halca,誰彼スクランブル,ナナヲアカリ,恋愛脳,,,,
,44906,1,石原夏織,夢想的クロニクル,Little Black Dress,白雨,,,,
,44920,1,Big Gadgets ft.上木彩矢 w TAKUYA,Private Eye,松岡充,罪と罰とアングラ,上木彩矢 w TAKUYA,W-G-X 〜W Goes Next〜,,
,44934,1,シャノワール（和氣あず未、楠木ともり、富田美憂、中島由貴、鬼頭明里）,Tin Toy Melody,シャノワール（和氣あず未、楠木ともり、富田美憂、中島由貴、鬼頭明里）,想歌灯,,,,
,44948,1,Tia,Deal with the devil,D-selections,LAYon-theLINE,,,,
,44961,1,JUNNA,コノユビトマレ,D-selections,AlegriA,,,,
,44974,1,石川智久,ソノ乙女ム双,i☆Ris,Queens Bluff,,,,
,44982,1,≠ME,す、好きじゃない！,堀江由衣,秘密の庭のふたり,,,,
,45009,1,Non Stop Rabbit,無自覚の天才,スラちゃんず△（遠野ひかる、菅野真衣、三川華月、久遠エリサ、大森日雅、花井美春）,ごはんだヨッ！ダダダダン!!」,,,,
,45023,1,ハナウタ（第五寮）［アルスノトリア（久野美咲）、メル（花井美春）、小アルベール（富田美憂）、ピカトリクス（幸村恵理）、アブラメリン（松井恵理子）］,はじまりへと続く場所,cluppo,With you,,,,
,45037,1,西川貴教,一番光れ!-ブッチギレ-,自象存在name-less,断罪デモクラシー,,,,
,45051,1,幸祜,TIME,理芽,チクタクボーイ,,,,
,45081,1,Void_Chords feat. L,Beyond Selves,早見沙織,Awake,,,,
,45095,1,花澤香菜,駆け引きはポーカーフェイス,八乙女うるし（中村カンナ）,50センチ,,,,
,45109,1,宮川愛李,アオレイド,all at once,RIVALS,,,,
,45124,1,,ドールハウスへ行こう,,,,,,
,45172,1,,ドールハウスへ行こう,,,,,,
,45198,1,竹内まりや,君の居場所 (Have a Good Time Here),,,,,,
,45221,1,レトベア(unknown Vo:10fu),頭ん中DEAD END,鈴木みのり,Wherever,,,,
,45235,1,ロクサーヌ（CV:三上枝織）,Oath,加賀道夫（CV:八代拓）、アラン（CV:三宅健太）,紳士の取引60万ナール,,,,
,45235,1,,,森羅万象,君と世界の終わりに,,,,
,45346,1,ZINGS,Let's ZING!,ZINGS,キミキラ,ZINGS,恋のBANG,,
,45322,1,くるり,ポケットの中,,,,,,
,45358,1,TINGS,ワンダー・スターター,TINGS,パレットガールズ,螢（大橋彩香）,Sweet Surrender,,
,45372,1,Suara,人なんだ,Suara,百日草,Suara,ヌエドリ,,
,45372,2,Suara,人なんだ,Suara,百日草,Suara,天かける星,,
,45414,1,クラムボン,"1,000,000,000,000,000,000,000,000 LOVE",Hack'ｎBerry,あいむいんらぶ,,,,
,45436,1,石原夏織,Abracada-Boo,Mili,Mortal With You,,,,
,45449,1,小松里賀,my sweet heart,東京ミュウミュウ,恋はア・ラ・モード,,,,
,45449,2,小松里賀,my sweet heart,東京ミュウミュウ,恋はア・ラ・モード,碧川れたす（佐久間紅美）,海を見ていた,,
,45449,3,小松里賀,my sweet heart,東京ミュウミュウ,恋はア・ラ・モード,小松里賀,グライダー,,
,45449,4,小松里賀,my sweet heart,東京ミュウミュウ,恋はア・ラ・モード,黄歩鈴（望月久代）,太陽なワタシ,,
,45331,1,くるり,SAMPO,,,,,,
,45502,1,藤澤ノリマサ,未来の僕らへ,網球男児,ENJOY,,,,
,45524,1,YOSHIKI EZAKI × Bleecker Chrome,I can fly,テニプリアーティスターズ,Dear Friend,,,,
,45539,1,てっぺんっオールスターズ,てっぺんっ天国 〜TOP OF THE LAUGH!!!〜,May'n,あはっててっぺんっ,ヤングワイワイ,ハグ・ユア・レッグ,,
,45561,1,ルミナスウィッチーズ,WONDERFUL WORLD,ルミナスウィッチーズ,わたしとみんなのうた,ルミナスウィッチーズ,永久の寄す処,,
,45575,1,岡咲美保,インフィニット,葉山陽和（野口瑠璃子）、小鷹咲希（岡咲美保）,SUNRISE (Ver.First 2),,,,
,45644,1,眉村ちあき,マルコッパ,小松未可子,なんだなんなんだ！,,,,
,45700,1,アイリ(CV.天﨑滉平)・ノワ(CV.興津和幸),繋いだ手とぬくもりと,,,,,,
,45711,1,有明ハナビ花（和氣あず未）,カグヤ,有明ハナビ花（和氣あず未）、高輪バーサス戦（上坂すみれ）、日本橋サンダー雷（M・A・O）,パラレルラルラ,,,,
,30411,1,ポルカドットスティングレイ,あのね、,pachae,ふたりじめ,,,,
,30967,1,清野研太郎,異世界協奏曲,otonari,ツヨガールフレンド,,,,
,30520,1,TRUE,Unsung ballad,Arika,inclusion,,,,
,30286,1,SHISHAMO,自分革命,さとう。,朗朗,,,,
,30355,1,&TEAM,Magic Hour,&TEAM,Wonderful World,,,,
,30602,1,吉澤嘉代子,たそかれ,りぶ,Twilight,,,,
,30200,1,サイダーガール,Choose!!!,グレイス＝憲三郎（CV:井上和彦、CV:M・A・O）,マツケンサンバⅡ,,,,
,30186,1,ASTERISM,Crescendo,22/7(ナナブンノニジュウニ),ロックは死なない,,,,
,30383,1,花冷え。,おいしいサバイバー,miwa,リアル,,,,
,30533,1,Ave Mujica,KiLLKiSS,Ave Mujica,"Georgette Me, Georgette You",,,,
,30397,1,#NAME?,恋人以上、好き未満,桜森朱音（CV.矢野妃菜喜）＆石倉陽鞠（CV.鈴代紗弓）＆北条糸青（CV.稗田寧々）,スキキライも追い越して,,,,
,30507,1,310,パーフェクトデイ,ナナヲアカリ,明日の私に幸あれ,,,,
,30588,1,GARNiDELiA,罪人,立花日菜,Stella,,,,
,30692,1,オーイシマサヨシ,主人公になろう！ feat.鈴木愛理,矢作萌夏,水平線,,,,
,30118,1,Vaundy,走れSAKAMOTO,Conton Candy,普通,,,,
,30144,1,LiSA,ReawakeR (feat. Felix of Stray Kids),TK from 凛として時雨,UN-APEX,,,,
,30547,1,REAL AKIBA BOYZ loves 中川翔子,Neet In Jam,出浦白津莉（CV.矢野妃菜喜）,にーとぴあ。,,,,
,30560,1,北川理恵,Dokkin◇魔法つかいプリキュア！！Part３～MIRAI DAYS～,キュアミラクル（CV:高橋 李依）、キュアフェリーチェ（CV:早見 沙織）、キュアマジカル（CV:堀江 由衣）,キセキラリンク,,,,
,30493,1,恋太郎ファミリー,ありがと、大好きになってくれて,原賀胡桃(CV.進藤あまね)、銘戸芽衣(CV.三森すずこ)、須藤 育(CV.高橋李依)、美杉美々美(CV.Lynn)、華暮愛々(CV.高尾奏音),Unmei?,,,,
,30313,1,遠藤正明,キン肉マン英雄,キン肉マン（CV:宮野真守）,,,,,
,37338,1,ずっと真夜中でいいのに。,微熱魔,shallm,トワイライト,,,,
,31538,1,坂本真綾,Drops,手嶌葵,花咲く道で,,,,
,31660,1,bokula.,ライトメイカー,,,,,,
,30660,1,YOASOBI,Watch me!,,,,,,
,31441,1,SixTONES,,シャイトープ,It‘s myself,,,,
,30646,1,女王蜂,強火,,,,,,
,31510,1,,,FLOW,Alright!!!,,,,
,37366,1,りりあ。,愛とか。,,,,,,
,41601,1,ulma sound junction,AXCLUSION,Nowlu,在処,,,,
,37380,1,水曜日のカンパネラ,サマータイムゴースト,mekakushe,恋のレトロニム,,,,
,32454,1,Cö shu Nie feat. HYDE,MAISIE,,,,,,
,33394,1,LEEVELLES,Brand New Day,Soala,Dead or Love,,,,
,31400,1,仲村宗悟,イルミネイト,緒方恵美,セレンディピティ,,,,
,37514,1,BLUE ENCOUNT,BLADE,,,,,,
,41710,1,破天荒夫婦,オモイアイ,Kecori,砂時計,,,,
,37528,1,ひまり (CV.平塚 紗依)＆ひなな (CV.伊駒 ゆりえ),おーぎゅめんと・でいっ!,CHiCO,18:00,,,,
,41668,1,,,BILLY BOO,ラプソディ,,,,
,37746,1,奥井雅美 with ボンジュール鈴木,Baby Baby Baby,古川 慎,Hightail it,,,,
,37759,1,Who-ya Extended,Aufheben,ASCA,MOONWORK,,,,
,37787,1,うえだゆうじ,僕達のギャグマンガ日和,冠徹弥,ハッピーゴーゴーラッキーエンディング,,,,
,37837,1,V.W.P,愛詩,MIYAVI,Find A Way,,,,
,37937,1,yama,GRIDOUT,,,,,,
,31128,1,Kamasi Washington,Vortex,The Boo Radleys,Lazarus,,,,
,31274,1,KALA,KINGSBLOOD,,,,,,
,30885,1,鈴木このみ,アルカテイル,鈴木このみ,Lasting Moment,,,,
,30911,1,小倉 唯,So☆Lucky,大西亜玖璃,イニミニマニモ,,,,
,30939,1,HoneyWorks feat.花譜,彼女は今、迷宮の中。,Sizuk,君の知らないこと,,,,
,31891,1,花澤香菜,やれんの？エンドレス,HoneyWorks feat.ハコニワリリィ,にんころダンス,,,,
,31201,1,,,halca,ウィークエンドロール,,,,
,31593,1,BAND‐MAID,Ready to Rock,Little Glee Monster,夢じゃないならなんなのさ,,,,
,37394,1,内田雄馬,シンギュラリスト,Gran★MyStar（ベートーヴェン・モーツァルト・ショパン・リスト／CV：内田雄馬・伊東健人・安部 瞬・石毛翔弥）,EYOND★CLASSIC,,,,
,41471,1,湘南乃風 feat. 新しい学校のリーダーズ,青春永遠,,,,,,
,45724,1,Suara,夢想歌,河井英里,まどろみの輪廻,,,,
,45724,2,Suara,夢想歌,河井英里,まどろみの輪廻,Suara,キミガタメ,,
,45751,1,Suara,不安定な神様,Suara,ユメカウツツカ,,,,
,45751,2,Suara,天かける星,Suara,星降る空仰ぎ見て,Suara,ヌエドリ,,
,45778,1,Da-iCE,Break out,羽多野 渉,ナニイロ,,,,
,45778,2,花村想太 & Lil' Fang,Break it down,梶原岳人,色違いの糸束,,,,
,28639,1,AliA,セナカアワセ,AYAME（from AliA）,Para Bellum,AYAME（from AliA）,REVERSI,,